name,reference,description,url
Botilito Cool Fresh 650ml,MU-77,"Botilito en plástico PE de doble pared, papel aluminizado para mantener bebidas frías, interior metalizado, tapa rosca con agarradera plástica. Medidas: 26.5 cm alto x 6.5 cm diámetro. Marca: 4,5 cm x 4 cm / Tampografía Unidades por Caja: 60   Unidades  Empaque: 47,5    X 39,5 X 56,0 / 10,7 Kg",https://www.catalogospromocionales.com/p/botilito-cool-fresh-650ml/6153/23
Botilito Spider PVC 650ml - Producción Nacional,MU-54,"PVC Atóxico. Compatible con MU-88 Mezclador en Acero Inoxidable. Medidas: 24 cm x 7 cm diámetro. Marca: 5 cm / Tampografía 20.5 cm / Serigrafía Contorno  Producto con condiciones especiales de alistamiento,consulte con su asesora el tiempo de entrega. Unidades por Caja: 0   Unidades  Empaque: 0,0    X 0,0 X 0,0 / 0,0 Kg",https://www.catalogospromocionales.com/p/botilito-spider-pvc-650-ml-produccion-nacional/5486/23
Botilito Sport Laguna - 800 ml.,MU-11,"Termo en AS, con agarradera plástica y tapa rosca. Libre de BPA (bisphenol-A). Compatible con MU-88 Mezclador en Acero Inoxidable Medidas: 21.7 cm x 8 cm diámetro Marca: 4 cm / Tampografía / 23 cm / Serigrafía Contorno Unidades por Caja: 48   Unidades  Empaque: 53,5    X 33,0 X 49,0 / 7,1 Kg",https://www.catalogospromocionales.com/p/botilito-sport-laguna-800-ml/4440/23
Botilito en PVC Hélice 650ML - Producción Nacional,MU-59,"Botilito en PVC atóxico, tapa rosca con pestaña. Diseño ergonómico. Producción Nacional. Compatible con MU-88 Mezclador en Acero Inoxidable. Medidas: 24.5 cm x 6.5 cm diámetro. Marca: 4 cm / Tampografía 22.5 cm / Serigrafía Contorno  Producto con condiciones especiales de alistamiento,consulte con su asesora el tiempo de entrega. Unidades por Caja: 0   Unidades  Empaque: 0,0    X 0,0 X 0,0 / 0,0 Kg",https://www.catalogospromocionales.com/p/botilito-en-pvc-helice-650ml-produccion-nacional/5741/23
Botilito en Tritan Lacross Bottle - 750 ml,MU-01,"Material en plástico Tritán de alta resistencia y durabilidad. Libre de BPA (bisphenol-A). Compatible con MU-88 Mezclador en Acero Inoxidable. Medidas: 24 cm x 8 cm diámetro Marca: 5 cm / Tampografía / 22 cm/Serigrafía Contorno  Unidades por Caja: 50   Unidades  Empaque: 40,0    X 40,0 X 50,0 / 6,7 Kg",https://www.catalogospromocionales.com/p/botilito-en-tritan-lacross-bottle-750-ml/4019/23
Botilito en Tritan Skot 700ML,MU-57,"Termo en tritán con tapa de rosca, pitillo removible y bandas de silicona.  Libre de BPA (bisphenol-A). Compatible con MU-88 Mezclador en Acero Inoxidable Medidas: 24 cm alto x 7,5 cm de diámetro. Marca: Área de marca: Máximo 4 cm ancho. Área de marca Serigrafía: 22 cm / Serigrafía Contorno /Tampografía Unidades por Caja: 48   Unidades  Empaque: 46,0    X 38,5 X 49,5 / 8,0 Kg",https://www.catalogospromocionales.com/p/botilito-en-tritan-skot-700ml/5724/23
Botilito metálico Sport Bottle - 500 ml.,MU-12,"Botella en aluminio con carabinero. Medidas: 21.7 cm x 6.5 cm diámetro Marca: 4 cm / Tampografía / 3.5 cm / Láser (Líquido Oxidante en silver) Unidades por Caja: 50   Unidades  Empaque: 72,0    X 37,0 X 24,0 / 5,0 Kg",https://www.catalogospromocionales.com/p/botilito-metalico-sport-bottle-500-ml/4433/23
Botilito Infussion 800ML,MU-60,"Botilito en Policarbonato con infusor plástico incorporado para frutas, cuerpo transparente con infusor interno en colores. Se recomienda usar con agua fría o ligeramente tibia. Medidas: 27.5 cm x 6.5 cm diámetro Marca: 5.5 cm / Tampografía /  21.5 cm / Serigrafía Contorno Unidades por Caja: 48   Unidades  Empaque: 45,8    X 38,8 X 57,0 / 9,5 Kg",https://www.catalogospromocionales.com/p/botilito-infussion-800ml/5762/23
Botilito en PVC Curvy 525ml - Producción Nacional.,MU-83.,"Botilito en PVC Atóxico con tapa plástica de rosca con boquilla en polipropileno. Diseño ergonómico y tapa inclinada para mejor flujo de líquido. Compatible con MU-88 Mezclador en Acero Inoxidable. Medidas: 23.5 cm x 8.5 cm diámetro. Marca: 4 cm / Tampografía Unidades por Caja: 0   Unidades  Empaque: 0,0    X 0,0 X 0,0 / 0,0 Kg",https://www.catalogospromocionales.com/p/botilito-en-pvc-curvy-525ml-produccion-nacional/6322/23
Botilito en Aluminio Hanoi 400ml OFERTA,PM MU-63,"Botilito en aluminio, tapa de rosca. Medidas: 17.5 cm x 6.7 cm diámetro Marca: 4.5 cm / Tampografía Unidades por Caja: 50   Unidades  Empaque: 72,0    X 37,0 X 19,0 / 6,0 Kg",https://www.catalogospromocionales.com/p/botilito-en-aluminio-hanoi-400ml/5896/23
Botilito en Tritán Coolbopp 700ml,MU-29,"Botilito en Tritán con parte inferior en caucho. En su interior contiene un tubo enfriador extraíble. Libre de BPA (bisphenol-A). Empaque Caja Individual. Medidas: 25 cm x 8 cm diámetro Marca: 4,5 cm / Tampografía Unidades por Caja: 30   Unidades  Empaque: 60,0    X 49,0 X 32,0 / 10,5 Kg",https://www.catalogospromocionales.com/p/botilito-en-tritan-coolbopp-700ml/4881/23
Botilito metalico para sublimación Sport 600ml,MU-19,"Aluminio. Incluye tapa chupo y tapa rosca con carabinero.  Empaque Caja Individual. Medidas: 20 cm x 7.5 cm diámetro Marca: Una cara / Contorno / Sublimación Unidades por Caja: 48   Unidades  Empaque: 48,0    X 33,0 X 48,0 / 8,3 Kg",https://www.catalogospromocionales.com/p/botilito-metalico-para-sublimacion-sport-600ml/4848/23
Botilito Sport 650ml-Alta Disponibilidad -Prod Nal,VA-161,"Polietileno. Consulte stock telefónicamente. Medidas: 27 cm x 2.5 cm diámetro Marca: 3 cm / Screen Unidades por Caja: 0   Unidades  Empaque: 0,0    X 0,0 X 0,0 / 0,0 Kg",https://www.catalogospromocionales.com/p/botilito-sport-650ml-alta-disponibilidad-produccion-nacional/4083/23
Botilito Carabinero PVC 750ml-Producción Nacional,MU-61,"Botilito en PVC atóxico, tapa plástica y carabinero plástico. 750 ml. Atóxico. Tapa en color Sólido, botilito acabado sólido o acabado translúcido. Medidas: 25 cm x 7 cm diámetro Marca: 8 cm / Screen 20 cm / Serigrafía Contorno 5 cm / Tampografía  Producto con condiciones especiales de alistamiento,consulte con su asesora el tiempo de entrega.   Nota:Colores sólidos: Blanco / Negro Colores translúcidos: Azul / Amarillo / Morado / Naranja / Rojo / Verde / Colores especiales. Las tapas serán todas en colores sólidos. Unidades por Caja: 0   Unidades  Empaque: 0,0    X 0,0 X 0,0 / 0,0 Kg",https://www.catalogospromocionales.com/p/botilito-carabinero-pvc-750ml-produccion-nacional/5820/23
Botilito PVC Mercury - 850 ml.,VA-292,"Botilito en plástico con diseño ergonómico. Compatible con MU-88  Mezclador en Acero Inoxidable. Medidas: 27 cm x 7 cm diámetro Marca: 5 cm / Tampografía Unidades por Caja: 60   Unidades  Empaque: 50,0    X 43,0 X 56,0 / 8,2 Kg",https://www.catalogospromocionales.com/p/botilito-pvc-mercury-850ml/3742/23
Botilito Urban 650 ml (stock telefònicamente),VA-160,"PVC Atóxico. Opcional: Tapa chupo con cúpula o sin cúpula. Opcional tapa pestaña de cierre a presión. Medidas: 24 cm x 7.5 cm diámetro Marca: 4.5 cm / Tampografía 21.5 cm / Serigrafía Contorno  Ver Tapa Pesta  Producto con condiciones especiales de alistamiento,consulte con su asesora el tiempo de entrega.  Unidades por Caja: 0   Unidades  Empaque: 0,0    X 0,0 X 0,0 / 0,0 Kg",https://www.catalogospromocionales.com/p/botilito-urban-650ml-produccion-nacional/4080/23
Botilito mini Spring 550ml (Tapa Importada o Nal),MU-35,"Botilito en poliestireno con tapa rosca ó tapa pestaña. Compatible con MU-88 Mezclador en Acero Inoxidable. Medidas: 20 cm x 7 cm diámetro. Marca: 4 cm / Tampografía Ver Tapa Pesta  Producto con condiciones especiales de alistamiento,consulte con su asesora el tiempo de entrega.  Unidades por Caja: 60   Unidades  Empaque: 0,0    X 0,0 X 0,0 / 0,0 Kg",https://www.catalogospromocionales.com/p/botilito-mini-spring-550ml-tapa-importada-o-nacional/5159/23
Botilito Saturno PVC 850ML (Tapa MU-35-Tapa Pesta),MU-89,"Botilito en PVC atóxico con tapa rosca o tapa pestaña. Compatible con MU-88 Mezclador en Acero Inoxidable. Medidas: 26 cm x 7.6 cm diámetro. Marca: 4 cm / Tampografía  Producto con condiciones especiales de alistamiento,consulte con su asesora el tiempo de entrega.  Ver  tapa MU-35 Ver Tapa Pesta    Unidades por Caja: 0   Unidades  Empaque: 0,0    X 0,0 X 0,0 / 0,0 Kg",https://www.catalogospromocionales.com/p/Botilito-Saturno-pvc-850ml-produccion-nacional/6705/23
Mini Botilito Ergo 420ml - Producción Nacional,MU-53,"Vaso en PVC atóxico con tapa de polipropileno. Compatible con MU-88 Mezclador en Acero Inoxidable. Medidas: 15 cm x 7.5 cm diámetro. Marca: 4 cm / Tampografía Unidades por Caja: 0   Unidades  Empaque: 0,0    X 0,0 X 0,0 / 0,0 Kg",https://www.catalogospromocionales.com/p/mini-botilito-ergo-420ml-produccion-nacional/5484/23
Botilito Sport Titán - 650 ml.,MU-10,"Termo en PVC con tapa rosca en Polipropileno y asa plástica. Producción Nacional. Medidas: 24.5 cm x 7 cm diámetro. Marca: 5 cm / Tampografía 19 cm / Serigrafía Contorno Unidades por Caja: 100   Unidades  Empaque: 0,0    X 0,0 X 0,0 / 0,0 Kg",https://www.catalogospromocionales.com/p/botilito-sport-titan-650-ml-produccion-nacional/4439/23
Vaso Pitillo Balon 720ml- Produccion Nacional,VA-136.,"Recipiente en polietileno. Consulte stock telefónicamente. Medidas: 20 cm x 6.5 cm diámetro Marca: 6 cm / Screen  Producto con condiciones especiales de alistamiento,consulte con su asesora el tiempo de entrega. Unidades por Caja: 0   Unidades  Empaque: 0,0    X 0,0 X 0,0 / 0,0 Kg",https://www.catalogospromocionales.com/p/vaso-pitillo-balon-720ml-produccion-nacional/4094/23
Botilito Igloo 500ml - Produccion Nacional,VA-177,"Polietileno de alta. Consulte stock telefónicamente. Ver tapa Energy VA-103T Medidas: 21 cm x 6.5 cm diámetro Marca: 5 cm / Tampografía Unidades por Caja: 0   Unidades  Empaque: 0,0    X 0,0 X 0,0 / 0,0 Kg",https://www.catalogospromocionales.com/p/botilito-igloo-500ml-produccion-nacional-ver-tapa-energy/2375/23
Termo Bullet 350 ml.,VA-570,"Termo en acero inoxidable. Estuche negro con agarradera. Empaque caja Individual. Medidas: 21 cm x 6 cm diámetro Área de marca: 5 cm Técnica de marca: Tampografía / Láser (Líquido Oxidante en silver) Unidades por Caja: 48   Unidades  Empaque: 24,0    X 48,0 X 63,0 / 17,0 Kg",https://www.catalogospromocionales.com/p/termo-bullet-350ml/912/23
Botilito Siluet - 500 ml-Ver tipo tapa-Prod. Nal.,MU-07,"Botilito en PVC transparente. Tapas opcionales: con pestaña de cierre a presión (con o sin carabinero) y tapa chupo (con o sin cúpula). Compatible con MU-88 Mezclador en Acero Inoxidable. Medidas: 14 cm x 7 cm diámetro inferior, 8 cm diámetro superior  Ver Tapa Chupo   Unidades por Caja: 0   Unidades  Empaque: 0,0    X 0,0 X 0,0 / 0,0 Kg",https://www.catalogospromocionales.com/p/botilito-siluet-500-ml-ver-tipo-tapa-produccion-nacional/4086/23
Mug Topline - 12 Oz.,VA-216,"Mug acero inoxidable con interior plástico y tapa. Medidas: 18.7 cm x 7.5 cm diámetro Marca: 4.7 cm / Tampografía / Láser (líquido oxidante) Unidades por Caja: 48   Unidades  Empaque: 40,0    X 37,0 X 57,0 / 11,8 Kg",https://www.catalogospromocionales.com/p/mug-topline-12-oz/2844/23
Mug Mocca - 250 ml.,MU-08,"Mini mug en polipropileno con tapa rosca. La tapa es una tapa protectora, no es tapa de seguridad. Medidas: 14 cm x 5.5 cm diámetro base Marca: 5 cm / Screen Unidades por Caja: 120   Unidades  Empaque: 61,0    X 28,0 X 43,0 / 10,0 Kg",https://www.catalogospromocionales.com/p/mug-mocca-250-ml/4369/23
Minimug en Acero con Tapa - 180ml,VA-271,"Mug en acero con base y tapa de color. La tapa es una tapa protectora de cierre a presión, no es tapa de seguridad. Empaque Caja Individual. Medidas: 9 cm x 6.5 cm diámetro Marca: 4.5 cm / Tampografía / Láser (líquido oxidante) Unidades por Caja: 100   Unidades  Empaque: 54,0    X 40,0 X 46,0 / 13,5 Kg",https://www.catalogospromocionales.com/p/minimug-en-acero-con-tapa-180ml/3481/23
Termo Zeus 500 mls.,MU-15,"Termo doble pared en acero inoxidable, tapa rosca y cierre a presión. Con estuche imitación cuero negro. Empaque caja Individual. Medidas: 25.2 cm x 6.8 cm diámetro Marca: 4 cm / Tampografía Unidades por Caja: 24   Unidades  Empaque: 47,0    X 32,0 X 29,0 / 10,5 Kg",https://www.catalogospromocionales.com/p/termo-zeus-500-ml/4432/23
Termo Bopp 600ml OFERTA,PM MU-30,"En acero. Doble pared, cierre de botón a presión. Empaque Caja Individual. Medidas: 24.5 cm x 8 cm diámetro Marca: 4 cm / Tampografía / Láser Unidades por Caja: 30   Unidades  Empaque: 58,0    X 47,0 X 29,0 / 16,5 Kg",https://www.catalogospromocionales.com/p/termo-bopp-600ml-oferta/4890/23
Mug Plastico Orbit 12oz - Producción Nacional,MU-62V,"Vaso blanco en polipropileno o vaso natural polipropileno y mezcla con material ecológico en fibrade trigo (50%-60% aprox). El porcentaje de material ecológico tiene un promedio de biodegradabilidad de 2-3 años después del fin de su vida útil. Opcional: Tapa de silicona y tapa en polipropileno con pestaña giratoria de producción nacional. La tapa es para protección, no es de seguridad. Medidas: 10.8 cm x 8.5 cm diámetro Marca: 5 cm / Screen / Tampografía en vaso / Tampografía en silicona a una tinta en el aro de silicona  **Para el material en polipropileno+fibra de trigo puede haber variación en el tono de los colores debido a la reacción del tipo de material y los colorantes usados en la fabricación**  Ver: MU-62P Pestaña Plástica MU-62TP Tapa Plástica MU-62AS Aro Silicona MU-62TS Tapa Silicona Unidades por Caja: 0   Unidades  Empaque: 0,0    X 0,0 X 0,0 / 0,0 Kg",https://www.catalogospromocionales.com/p/mug-plastico-orbit-12oz-produccion-nacional/5889/23
Termo Acrílico Phoenix - 16 Oz,VA-134,"Termo en acero inoxidable y acrílico. Sin estuche. Medidas: 25 cm X 5.8 cm diámetro Marca: 4.5 cm / Tampografía Unidades por Caja: 36   Unidades  Empaque: 28,0    X 48,0 X 47,0 / 14,4 Kg",https://www.catalogospromocionales.com/p/termo-acrilico-phoenix-16-oz/1676/23
Tapa plastica Para Mug Orbit (Ver MU-62P),MU-62TP,"No se vende por separado. Ver: MU-62AS Aro Silicona MU-62P Pestaña Plástica MU-62V Vaso Plástico MU-62TS Tapa Silicona Unidades por Caja: 0   Unidades  Empaque: 0,0    X 0,0 X 0,0 / 0,0 Kg",https://www.catalogospromocionales.com/p/tapa-plastica-para-mug-orbit-incluye-mu-62p/5891/23
Pestaña plastica Para Mug Orbit,MU-62P,"No se vende por separado. Ver: MU-62AS Aro Silicona MU-62TP Tapa Plástica MU-62V Vaso Plástico MU-62TS Tapa Silicona Unidades por Caja: 2000   Unidades  Empaque: 0,0    X 0,0 X 0,0 / 0,0 Kg",https://www.catalogospromocionales.com/p/pestana-plastica-para-mug-orbit/5892/23
Mug Doble Pared en Acero II - 16 Oz.,VA-97,"Mug acero inoxidable con interior plástico y tapa. Empaque Caja Individual. Medidas: 17.5 cm x 8.5 cm diámetro Marca: 4.7 cm / Tampografía / Láser (líquido oxidante) Unidades por Caja: 50   Unidades  Empaque: 62,5    X 47,5 X 38,0 / 12,9 Kg",https://www.catalogospromocionales.com/p/mug-doble-pared-en-acero-ii-16-oz/1342/23
Termo Bopp 600ml OFERTA,PM MU-30,"En acero. Doble pared, cierre de botón a presión. Empaque Caja Individual. Medidas: 24.5 cm x 8 cm diámetro Marca: 4 cm / Tampografía / Láser Unidades por Caja: 30   Unidades  Empaque: 58,0    X 47,0 X 29,0 / 16,5 Kg",https://www.catalogospromocionales.com/p/termo-bopp-600ml-oferta/4890/23
Aro de Silicona Para Mug Orbit,MU-62AS,"No se vende por separado. Ver: MU-62P Pestaña Plástica MU-62TP Tapa Plástica MU-62V Vaso Plástico MU-62TS Tapa Silicona Unidades por Caja: 1000   Unidades  Empaque: 46,0    X 37,0 X 20,0 / 12,5 Kg",https://www.catalogospromocionales.com/p/aro-de-silicona-para-mug-orbit/5890/23
Tapa en Silicona Para Mug Orbit,MU-62TS,"No se vende por separado. Ver: MU-62AS Aro Silicona MU-62TP Tapa Plástica MU-62V Vaso Plástico MU-62TS Tapa Silicona Unidades por Caja: 500   Unidades  Empaque: 46,0    X 37,0 X 24,0 / 14,0 Kg",https://www.catalogospromocionales.com/p/tapa-en-silicona-para-mug-orbit/5893/23
Mug para sublimación 10oz,MU-20,"Mug en cerámica. Apto para uso en Horno microondas. Medidas: 11 cm x 7.5 cm diámetro  Venta mínima y en múltiplos de caja de 36 unidades.  Unidades por Caja: 36   Unidades  Empaque: 3,5    X 26,0 X 36,0 / 13,0 Kg",https://www.catalogospromocionales.com/p/mug-para-sublimacion-10oz/4849/23
Mug Ceramica para sublimación cónico 12oz,MU-18,"Mug en cerámica. Apto para uso en Horno microondas. Medidas: 10 cm x 9.1 cm diámetro  Venta mínima y en múltiplos de caja de 36 unidades.  Unidades por Caja: 36   Unidades  Empaque: 33,5    X 27,0 X 39,0 / 12,0 Kg",https://www.catalogospromocionales.com/p/mug-ceramica-para-sublimacion-conico-12oz/4847/23
Vaso Circular 320 ML (stock telefònicamente),VA-176,"Vaso en SAN. Apto para microondas. Resistente al rayado. Medidas: 9 cm x 7.5 cm diámetro base x 8.5 cm diámetro superior Marca: 4 cm / Tampografía Unidades por Caja: 0   Unidades  Empaque: 0,0    X 0,0 X 0,0 / 0,0 Kg",https://www.catalogospromocionales.com/p/vaso-circular-320ml-produccion-nacional/2374/23
Mug Cerámica Redondo 11Oz,VA-03,"Cerámica. Apto para microondas y lavavajillas. Medidas: 10 cm x 7.5 cm diámetro  Venta mínima y en múltiplos de caja de 36 unidades. Unidades por Caja: 36   Unidades  Empaque: 41,0    X 26,0 X 37,0 / 13,5 Kg",https://www.catalogospromocionales.com/p/mug-ceramica-redondo-11oz/414/23
Mug Cerámica Geko Con Cuchara 10oz,MU-66,"Mug en cerámica blanco con banda en silicona. Incluye cuchara. Apto para microondas y lavavajillas. Empaque Caja Individual. Medidas: 9.5 cm x 7 cm diámetro Marca: 5.5 cm / Tampografía en silicona a una tinta sobre la banda central  Venta mínima y en múltiplos de caja de 36 unidades. Unidades por Caja: 36   Unidades  Empaque: 33,0    X 29,0 X 41,0 / 12,5 Kg",https://www.catalogospromocionales.com/p/mug-ceramica-geko-con-cuchara-10oz/6036/23
Mug Cerámica para Sublimación con Cuchara 11 oz,MU-34,"Mug en cerámica. Apto para uso en Horno microondas. Medidas: 10 cm x 8.2 cm de diámetro  Venta mínima y en múltiplos de caja de 36 unidades.  Unidades por Caja: 36   Unidades  Empaque: 35,5    X 31,0 X 41,0 / 13,0 Kg",https://www.catalogospromocionales.com/p/mug-ceramica-para-sublimacion-con-cuchara-11-oz/5104/23
Mug Cerámica Tablero 11oz,MU-06,"Mug para escribir con tiza, borrable como un tablero. Incluye tiza blanca. Apto para microondas y lavavajillas. Empaque caja Individual. Medidas: 8.5 cm x 8 cm diámetro  Venta mínima y en múltiplos de caja de 36 unidades. Unidades por Caja: 36   Unidades  Empaque: 22,0    X 28,0 X 48,5 / 13,0 Kg",https://www.catalogospromocionales.com/p/mug-ceramica-tablero-11oz/4059/23
Coffee Mug plastico 11oz (Inyección sobre pedido),VA-68,"Mug en poliestireno cristal. Impreso policromía. Medidas: 10 cm x 8 cm diámetro Marca: Litografía Unidades por Caja: 0   Unidades  Empaque: 0,0    X 0,0 X 0,0 / 0,0 Kg",https://www.catalogospromocionales.com/p/coffee-mug-plastico-11oz-produccion-nacional/1065/23
Mug Cerámica Cuadrado 10 Oz,VA-126,"Mug de cerámica en forma cuadrada. Apto para microondas y lavavajillas. Medidas: 9 cm x 7.5 cm  Venta mínima y en múltiplos de caja de 36 unidades. Unidades por Caja: 36   Unidades  Empaque: 30,0    X 26,0 X 37,0 / 12,0 Kg",https://www.catalogospromocionales.com/p/mug-ceramica-cuadrado-10-oz/1591/23
Mug Oxford Cerámica 11oz,VA-273,"Cerámica. Apto para microondas y lavavajillas. Medidas: 10 cm x 8.5 cm diámetro  Venta mínima y en múltiplos de caja de 36 unidades. Unidades por Caja: 36   Unidades  Empaque: 33,0    X 27,0 X 40,5 / 15,0 Kg",https://www.catalogospromocionales.com/p/mug-oxford-ceramica-11oz/3505/23
Mug Cerámica para Sublimación I 11oz,MU-03,"Mug en cerámica. Apto para uso en microondas. Medidas: 9.7 cm x 8.3 cm diámetro Marca: Una cara / Contorno / Sublimación  Venta mínima y en múltiplos de caja de 36 unidades.  Unidades por Caja: 36   Unidades  Empaque: 32,0    X 28,0 X 42,0 / 13,0 Kg",https://www.catalogospromocionales.com/p/mug-ceramica-para-sublimacion-i-11oz/4065/23
Mug Cerámica Sublimación Magic Color 11oz,MU-05,"Al agregar una bebida caliente, muestra la imagen impresa. Al enfriarse su contenido, retoma el color original. No es apto para uso en Horno Microondas. Medidas: 8 cm diámetro x 9.5 cm  Nota Importante: Dependiendo de los colores del logo, es posible que los tonos más oscuros sean visibles cuando el mug está frío.  Venta mínima y en múltiplos de caja de 36 unidades.  Unidades por Caja: 36   Unidades  Empaque: 31,0    X 28,0 X 39,5 / 13,0 Kg",https://www.catalogospromocionales.com/p/mug-ceramica-sublimacion-magic-color-11oz/4064/23
Copa Cilindrica 2oz Cristal - Produccion Nacional,MU-49,"Copa en poliestireno cristal. Medidas: 7.5 cm x 3.5 cm diámetro Marca: 3 cm / Tampografía Unidades por Caja: 0   Unidades  Empaque: 0,0    X 0,0 X 0,0 / 0,0 Kg",https://www.catalogospromocionales.com/p/copa-cilindrica-2-oz-cristal-produccion-nacional/5480/23
Vaso Arrow10 OZ(stock telefònicamente),VA-257,"Polipropileno. Medidas: 9.5 cm x 7 cm diámetro Marca: 5.5 cm / Tampografía  **Para el material en polipropileno+fibra de trigo puede haber variación en el tono de los colores debido a la reacción del tipo de material y los colorantes usados en la fabricación** Unidades por Caja: 0   Unidades  Empaque: 0,0    X 0,0 X 0,0 / 0,0 Kg",https://www.catalogospromocionales.com/p/vaso-arrow-produccion-nacional/3267/23
Vaso con Pitillo 14 OZ(stock telefònicamente),VA-222,"Vaso en Polipropileno. Tapa en Polietileno de baja. Capacidad 14 Oz. Medidas: 14.5 cm x 8 cm diámetro Marca: 5 cm / Tampografía  **Para el material en polipropileno+fibra de trigo puede haber variación en el tono de los colores debido a la reacción del tipo de material y los colorantes usados en la fabricación** Unidades por Caja: 0   Unidades  Empaque: 0,0    X 0,0 X 0,0 / 0,0 Kg",https://www.catalogospromocionales.com/p/vaso-con-pitillo-produccion-nacional/2870/23
Vaso Bubble9 OZ (stock telefònicamente),VA-255,"Polipropileno. Medidas: 9 cm x 7.5 cm diámetro Marca: 4.7 cm / Tampografía  **Para el material en polipropileno+fibra de trigo puede haber variación en el tono de los colores debido a la reacción del tipo de material y los colorantes usados en la fabricación** Unidades por Caja: 0   Unidades  Empaque: 0,0    X 0,0 X 0,0 / 0,0 Kg",https://www.catalogospromocionales.com/p/vaso-bubble-produccion-nacional/3266/23
Vaso Triangular 250 ML(stock telefònicamente),VA-251,"Poliestireno cristal. Medidas: 10.5 cm x 7.3 cm diámetro Marca: 4.7 cm / Tampografía Unidades por Caja: 0   Unidades  Empaque: 0,0    X 0,0 X 0,0 / 0,0 Kg",https://www.catalogospromocionales.com/p/vaso-triangular-250ml-produccion-nacional/3274/23
Maxi Mug 10 OZ(stock telefònicamente),VA-128,"Mug en SAN. Apto para microondas. Resistente al rayado. Medidas: 9 cm x 8 cm diámetro Marca: 5.5 cm / Tampografía Unidades por Caja: 0   Unidades  Empaque: 0,0    X 0,0 X 0,0 / 0,0 Kg",https://www.catalogospromocionales.com/p/maxi-mug-produccion-nacional/2362/23
Copa para Vino 7 oz - Produccion Nacional,VA-157,"Poliestireno cristal. Capacidad: 7 oz. Consulte stock telefónicamente. Medidas: 15 cm x 6 cm diámetro Marca: 3.5 cm / Tampografía Unidades por Caja: 0   Unidades  Empaque: 0,0    X 0,0 X 0,0 / 0,0 Kg",https://www.catalogospromocionales.com/p/copa-para-vino-7-oz-produccion-nacional/2007/23
Vaso Tapa Plástico 14 oz - Producción Nacional,VA-223,"Polipropileno. Tapa en Polietileno de baja. Capacidad de 14 Oz. Consulte stock telefónicamente. Medidas: 14.5 cm x 8 cm diámetro Marca: 4 cm / Tampografía  **Para el material en polipropileno+fibra de trigo puede haber variación en el tono de los colores debido a la reacción del tipo de material y los colorantes usados en la fabricación** Unidades por Caja: 0   Unidades  Empaque: 0,0    X 0,0 X 0,0 / 0,0 Kg",https://www.catalogospromocionales.com/p/vaso-tapa-plastico-14-oz-produccion-nacional/2871/23
Vaso Cuadrado 7oz Cristal - Produccion Nacional,MU-48,"Vaso en poliestireno cristal. Medidas: 8.5 cm x 6 cm diámetro Marca: 4 cm / Tampografía Unidades por Caja: 0   Unidades  Empaque: 0,0    X 0,0 X 0,0 / 0,0 Kg",https://www.catalogospromocionales.com/p/vaso-cuadrado-7-oz-cristal-produccion-nacional/5479/23
Vaso Speedy 14oz San- Produccion Nacional,MU-51,"Vaso en SAN. Medidas: 13.5 cm x 8 cm diámetro Marca: 4 cm / Tampografía Unidades por Caja: 0   Unidades  Empaque: 0,0    X 0,0 X 0,0 / 0,0 Kg",https://www.catalogospromocionales.com/p/vaso-speedy-14-oz-san-produccion-nacional/5482/23
Vaso Glitter 10 ONZ (stock telefònicamente),VA-256,"Polipropileno. Medidas: 11 cm x 7.5 cm diámetro Marca: 4.7 cm / Tampografía  **Para el material en polipropileno+fibra de trigo puede haber variación en el tono de los colores debido a la reacción del tipo de material y los colorantes usados en la fabricación** Unidades por Caja: 0   Unidades  Empaque: 0,0    X 0,0 X 0,0 / 0,0 Kg",https://www.catalogospromocionales.com/p/vaso-glitter-produccion-nacional/3277/23
Vaso Twister 12oz San - Produccion Nacional,MU-50,"Vaso plástico en SAN. Medidas: 9 cm x 8 cm diámetro Marca: 4 cm / Tampografía Unidades por Caja: 0   Unidades  Empaque: 0,0    X 0,0 X 0,0 / 0,0 Kg",https://www.catalogospromocionales.com/p/vaso-twister-12-oz-san-produccion-nacional/5481/23
Mug Cerámica con Cuchara Trump 10oz,MU-106,"Mug en cerámica con cuchara. Apto para microondas y lavavajillas. Medidas: 10 cm x 8 cm diámetro superior x 6 cm diámetro inferior  Venta mínima y en múltiplos de caja de 36 unidades. Unidades por Caja: 36   Unidades  Empaque: 37,0    X 28,0 X 35,0 / 12,0 Kg",https://www.catalogospromocionales.com/p/mug-ceramica-con-cuchara-trump-10oz/6822/23
Mug plastico Shaker 14oz - Producción Nacional,MU-93V,"Mug-mezclador plástico en polipropileno con tapa pestaña. Compatible con bola mezcladora en acero inoxidable MU-88. Medidas: 16.5 cm x 9.5 cm diámetro superior Marca: 3.5 cm / Tampografía  Producto con condiciones especiales de alistamiento,consulte con su asesora el tiempo de entrega.  **Para el material en polipropileno+fibra de trigo puede haber variación en el tono de los colores debido a la reacción del tipo de material y los colorantes usados en la fabricación**  Unidades por Caja: 0   Unidades  Empaque: 0,0    X 0,0 X 0,0 / 0,0 Kg",https://www.catalogospromocionales.com/p/mug-plastico-shaker-14oz-produccion-nacional/6809/23
Mug Kid 4 OZ(stock telefònicamente),VA-220,"Mug en SAN. Apto para microondas o bebidas calientes. Resistente al rayado. Medidas: 7 cm x 4.5 cm diámetro Marca: 3.7 cm / Tampografía Unidades por Caja: 0   Unidades  Empaque: 0,0    X 0,0 X 0,0 / 0,0 Kg",https://www.catalogospromocionales.com/p/mug-kid-produccion-nacional/2869/23
Tapa pestaña para Botilito MU-07 - MU-59,Tapa Pesta,"Tapa con pestaña de cierre a presión (con o sin carabinero) y tapa chupo (con o sin cúpula). Unidades por Caja: 0   Unidades  Empaque: 0,0    X 0,0 X 0,0 / 0,0 Kg",https://www.catalogospromocionales.com/p/tapa-pestana-para-botilito-mu-07-mu-59/4087/23
Mug Ceramica Sheldon 11oz,MU-108,"Mug en cerámica. Apto para microondas y lavavajillas. Medidas: 9.5 cm x 7.8 cm diámetro  Venta mínima y en múltiplos de caja de 36 unidades. Unidades por Caja: 36   Unidades  Empaque: 39,0    X 27,5 X 31,0 / 13,0 Kg",https://www.catalogospromocionales.com/p/mug-ceramica-sheldon-11oz/6824/23
Botilito Astron 800ml - Vaso - Producción Nacional,VA-137V,"Botilito en polietileno. Consulte Stock telefónicamente. Medidas: 25 cm x 7 cm diámetro Marca: 5 cm / Tampografía Unidades por Caja: 0   Unidades  Empaque: 0,0    X 0,0 X 0,0 / 0,0 Kg",https://www.catalogospromocionales.com/p/botilito-astron-800ml-vaso-produccion-nacional/2380/23
Tapa botilito Igloo/ Energy (stock telefonicamente,VA-103T,"Colores especiales: mínimo 2.000 unidades. Unidades por Caja: 0   Unidades  Empaque: 0,0    X 0,0 X 0,0 / 0,0 Kg",https://www.catalogospromocionales.com/p/tapa-botilito-igloo-energy/2381/23
Botilito en Tritan Bugsy 630ml,MU-99,"Botilito en Tritán con tapa de rosca y pitillo. Libre de BPA (bisphenol-A). Compatible con MU-88 Mezclador en Acero Inoxidable. Medidas: 22.5 cm x 6.3 cm diámetro Marca: 4.5 cm / Tampografía / 19 cm / Serigrafía Contorno Unidades por Caja: 50   Unidades  Empaque: 36,0    X 35,5 X 51,0 / 7,0 Kg",https://www.catalogospromocionales.com/p/botilito-en-tritan-bugsy-630ml/6815/23
Mug Ceramica Neon 11oz,MU-105,"Mug en cerámica, en colores neón. No es apto para microondas ni lavavajillas. Medidas: 9 cm x 7.7 cm diámetro  Venta mínima y en múltiplos de caja de 36 unidades. Unidades por Caja: 36   Unidades  Empaque: 40,0    X 26,5 X 32,0 / 14,0 Kg",https://www.catalogospromocionales.com/p/mug-ceramica-neon-11oz/6821/23
Vaso Pitillo Snook 460ml,MU-107,"Mug vaso pitillo doble pared. Medidas: 16 cm x 9.5 cm diámetro Marca: 4.5 cm / Tampografía Unidades por Caja: 24   Unidades  Empaque: 63,0    X 42,5 X 18,5 / 5,6 Kg",https://www.catalogospromocionales.com/p/vaso-pitillo-snook-460ml/6823/23
Mug Mediano Club 7 OZ (stock telefònicamente),VA-224,"Mug en SAN. Apto para microondas o bebidas calientes. Resistente al rayado. Medidas: 7.5 cm x 5 cm diámetro Marca: 3 cm / Tampografía Unidades por Caja: 0   Unidades  Empaque: 0,0    X 0,0 X 0,0 / 0,0 Kg",https://www.catalogospromocionales.com/p/mug-mediano-club-produccion-nacional/2873/23
Mug Ceramica Picasso 11oz,MU-104,"Mug en cerámica. Apto para microondas y lavavajillas. Medidas: 9.2 cm x 8 cm diámetro  Venta mínima y en múltiplos de caja de 36 unidades. Unidades por Caja: 36   Unidades  Empaque: 40,0    X 26,5 X 32,0 / 14,0 Kg",https://www.catalogospromocionales.com/p/mug-ceramica-picasso-11oz/6820/23
Mezclador en Acero Inoxidable,MU-88,"Mezclador en acero inoxidable para botilitos plásticos. Medidas: 4.5 cm diámetro.  Unidades por Caja: 1500   Unidades  Empaque: 55,0    X 30,0 X 30,0 / 16,0 Kg",https://www.catalogospromocionales.com/p/Mezclador-en-Acero-Inoxidable/6701/23
Botilito En Tritan Sport Bopp 550ml,MU-116,"Botilito en Tritán con diseño ergonómico fácil transporte. Libre de BPA (bisphenol-A). Tapa antigoteo.  Empaque Caja Individual. Medidas: 23,5 cm x 6,5 cm díametro. Marca: 5 cm / Tampografía Unidades por Caja: 48   Unidades  Empaque: 53,5    X 69,5 X 27,5 / 14,2 Kg",https://www.catalogospromocionales.com/p/botilito-en-tritan-sport-bopp-550ml/7457/23
Botilito Supra en PVC 610ml - Produccion Nacional,MU-90,"Botilito en PVC atóxico con tapa en ABS super resistente, con empaque individual. Consultar inventario de tapas telefónicamente. Medidas: 22 cm x 6.5 cm diámetro Marca: 4 cm / Tampografía 19.5 cm / Serigrafía Contorno  Producto con condiciones especiales de alistamiento,consulte con su asesora el tiempo de entrega.  Ver tapa en TapaMU-90  Unidades por Caja: 0   Unidades  Empaque: 0,0    X 0,0 X 0,0 / 0,0 Kg",https://www.catalogospromocionales.com/p/Botilito-Supra-PVC-610ml-produccion-nacional/6706/23
Botilito Langdon 850ml,MU-132,"Botilito en policarbonato con tapa de rosca. Compatible con MU-88 Mezclador en Acero Inoxidable. Medidas: 26.5 cm x 7 cm diámetro Marca: 4 cm / Tampografía / 22.5 cm / Serigrafía Contorno Unidades por Caja: 40   Unidades  Empaque: 46,0    X 35,0 X 55,0 / 7,3 Kg",https://www.catalogospromocionales.com/p/botilito-langdon-850ml/7473/23
Botilito Book 600ml OFERTA,PM MU-134,"Botilito en AS. Libre de BPA (bisphenol-A). Medidas: 21 cm X 13 cm X 3 cm. Marca: 5 cm / Tampografía Unidades por Caja: 60   Unidades  Empaque: 41,0    X 69,0 X 23,0 / 16,0 Kg",https://www.catalogospromocionales.com/p/botilito-book-600ml-Oferta/7475/23
Botilito Swivel 300ml-OFERTA,PM MU-128,"Botilito en policarbonato con pitillo y tapa giratoria. Medidas: 15,3 cm x 6,8 cm x 4,2 cm Marca: 4 cm / Tampografía Unidades por Caja: 48   Unidades  Empaque: 40,0    X 40,0 X 57,0 / 14,0 Kg",https://www.catalogospromocionales.com/p/botilito-swivel-300ml-OFERTA/7469/23
Mini Botilito Book 350ml OFERTA,PM MU-137,"Botilito en AS. Libre de BPA (bisphenol-A). Medidas: 11 cm X 16 cm X 3 cm. Marca: 5 cm / Tampografía Unidades por Caja: 50   Unidades  Empaque: 34,0    X 60,0 X 21,0 / 9,0 Kg",https://www.catalogospromocionales.com/p/mini-botilito-book-350ml-Oferta/7477/23
Mug Firenze Ceramica Neón 10oz,VA-158-1,"Cerámica. No es apto para microondas ni lavavajillas. Medidas: 10 cm x 9 cm diámetro  Venta mínima y en múltiplos de caja de 36 unidades. Unidades por Caja: 36   Unidades  Empaque: 40,5    X 28,0 X 33,5 / 14,0 Kg",https://www.catalogospromocionales.com/p/mug-firenze-ceramica-neon-10oz/2831/23
Botilito Book 600ml OFERTA,PM MU-134,"Botilito en AS. Libre de BPA (bisphenol-A). Medidas: 21 cm X 13 cm X 3 cm. Marca: 5 cm / Tampografía Unidades por Caja: 60   Unidades  Empaque: 41,0    X 69,0 X 23,0 / 16,0 Kg",https://www.catalogospromocionales.com/p/botilito-book-600ml-Oferta/7475/23
Mini Botilito Book 350ml OFERTA,PM MU-137,"Botilito en AS. Libre de BPA (bisphenol-A). Medidas: 11 cm X 16 cm X 3 cm. Marca: 5 cm / Tampografía Unidades por Caja: 50   Unidades  Empaque: 34,0    X 60,0 X 21,0 / 9,0 Kg",https://www.catalogospromocionales.com/p/mini-botilito-book-350ml-Oferta/7477/23
Botilito Spray 600ml-OFERTA,PM MU-133,"Botilito en policarbonato con tapa pestaña y spray. Medidas: 25 cm x 6,5 cm diámetro. Marca: Área de Marca: 4,5 cm. Área de Marca Serigrafía: 19 cm / Serigrafía Contorno / Tampografía Unidades por Caja: 48   Unidades  Empaque: 43,0    X 40,0 X 54,0 / 9,0 Kg",https://www.catalogospromocionales.com/p/botilito-spray-600ml-OFERTA/7474/23
Botilito Swivel 300ml-OFERTA,PM MU-128,"Botilito en policarbonato con pitillo y tapa giratoria. Medidas: 15,3 cm x 6,8 cm x 4,2 cm Marca: 4 cm / Tampografía Unidades por Caja: 48   Unidades  Empaque: 40,0    X 40,0 X 57,0 / 14,0 Kg",https://www.catalogospromocionales.com/p/botilito-swivel-300ml-OFERTA/7469/23
Mug Ceramica para Sublimacion Corazon 11oz,MU-87,"Mug en cerámica. Apto para uso en microondas. Medidas: 9.4 cm x 8 cm Marca: Una cara / Contorno / Sublimación  Venta mínima y en múltiplos de caja de 36 unidades.  Unidades por Caja: 36   Unidades  Empaque: 39,0    X 27,5 X 31,0 / 13,0 Kg",https://www.catalogospromocionales.com/p/Mug-Ceramica-para-Sublimacion-corazon-11oz/3957/23
Mug cerámica para sublimacion Sparta 9oz,MU-84,"Cerámica. Apto para uso en Horno microondas. Medidas: 9.3 cm x 7.8 cm diámetro  Venta mínima y en múltiplos de caja de 36 unidades.  Unidades por Caja: 36   Unidades  Empaque: 40,0    X 27,0 X 29,0 / 12,0 Kg",https://www.catalogospromocionales.com/p/mug-ceramica-para-sublimacion-sparta-9oz/6339/23
Botilito Lambert 700ml,MU-131,"Botilito en policarbonato con infusor. Tapa pestaña. Medidas: 23 cm x 7 cm diámetro Marca: 4 cm / Tampografía / 22 cm / Serigrafía Contorno Unidades por Caja: 50   Unidades  Empaque: 39,5    X 39,5 X 48,0 / 9,6 Kg",https://www.catalogospromocionales.com/p/botilito-lambert-700ml/7472/23
Botilito Spray 600ml-OFERTA,PM MU-133,"Botilito en policarbonato con tapa pestaña y spray. Medidas: 25 cm x 6,5 cm diámetro. Marca: Área de Marca: 4,5 cm. Área de Marca Serigrafía: 19 cm / Serigrafía Contorno / Tampografía Unidades por Caja: 48   Unidades  Empaque: 43,0    X 40,0 X 54,0 / 9,0 Kg",https://www.catalogospromocionales.com/p/botilito-spray-600ml-OFERTA/7474/23
Botilito Metalico Maddox 600ml OFERTA,PM MU-138,"Botilito en acero inoxidable con tapa pitillo. Empaque caja Individual. Medidas: 18,5 cm x 6 cm diámetro. Marca: 4 cm / Tampografía / Láser (Líquido Oxidante en silver) Unidades por Caja: 36   Unidades  Empaque: 47,0    X 47,0 X 17,5 / 8,2 Kg",https://www.catalogospromocionales.com/p/botilito-metalico-maddox-600ml/7478/23
Botilito Energy PVC Prod Nal-stock telefónicamente,VA-103PVC,"Botilito en PVC atóxico translúcido. Disponible en capacidad 650ml o 500ml. Medidas: 650 ml: 24.5 cm x 7.3 diámetro. 500 ml: 18 cm x 7.3 diámetro. Marca: 5.5 cm / Tampografía  Ver Tapa VA-103T Unidades por Caja: 0   Unidades  Empaque: 0,0    X 0,0 X 0,0 / 0,0 Kg",https://www.catalogospromocionales.com/p/botilito-energy-pvc-produccion-nacional/7793/23
Botilito Metalico Sporty 350ml Con Speaker,MU-149,"Botilito en acero inoxidable doble pared con speaker bluetooth de 3W. Empaque Caja Individual. Medidas: 26.5 cm x 6.5 cm diámetro Marca: 4 cm / Láser (líquido oxidante) Unidades por Caja: 25   Unidades  Empaque: 39,0    X 39,0 X 31,0 / 11,5 Kg",https://www.catalogospromocionales.com/p/Botilito-Metalico-Sporty-350ml-Con-Speaker/8167/23
Botilito Plástico Sammy 800ml-OFERTA,PM MU-156,"Botilito en policarbonato. Medidas: 23 cm x 8 cm diámetro. Marca: 3,5 cm / Tampografía Unidades por Caja: 36   Unidades  Empaque: 53,6    X 53,6 X 26,0 / 6,0 Kg",https://www.catalogospromocionales.com/p/Botilito-Plastico-Sammy-800ml-oferta/8055/23
Botilito Metálico Sport Bottle Neon - 500 ml.,MU-12-1,"Botilito metálico con carabinero. Medidas: 21.7 cm x 6.5 cm diámetro Marca: 4 cm / Tampografía / Láser Unidades por Caja: 50   Unidades  Empaque: 72,0    X 37,0 X 24,0 / 5,0 Kg",https://www.catalogospromocionales.com/p/Botilito-Metalico-Sport-Bottle-Neon-500-ml/8044/23
Mug Plástico Osiris 360ml - Produccion Nacional,MU-152,"Con silicona. Tapa y silicona importada, mug producción nacional. La tapa es una tapa protectora de cierre a presión, no es tapa de seguridad. Medidas: 12 cm x 8.3 cm diámetro Marca: 4 cm / Tampografía Unidades por Caja: 250   Unidades  Empaque: 46,5    X 25,0 X 17,0 / 10,0 Kg",https://www.catalogospromocionales.com/p/Mug-Plastico-Osiris-360ml-Produccion-Nacional/8051/23
Botilito Plástico Zigor 570ml -Producción Nacional,MU-155,"Botilito en PVC atóxico, con tapa metálica. Opcional agarradera en silicona. Medidas: 23 cm x 6.5 cm diámetro Marca: 3.5 cm / Tampografía  Producto con condiciones especiales de alistamiento,consulte con su asesora el tiempo de entrega.  Unidades por Caja: 0   Unidades  Empaque: 0,0    X 0,0 X 0,0 / 0,0 Kg",https://www.catalogospromocionales.com/p/Botilito-Plastico-Zigor-570ml-Produccion-Nacional/8054/23
Jarra En Vidrio Kolors 15Oz,MU-153,"Tipo Jarra. Con tapa metálica y pitillo. Medidas: 13 cm x 7.5 cm Marca: 3,5 cm / Tampografía (producto con tratamiento) / Láser Unidades por Caja: 24   Unidades  Empaque: 45,5    X 25,0 X 30,0 / 10,0 Kg",https://www.catalogospromocionales.com/p/Jarra-En-Vidrio-Kolors-15Oz/8052/23
Botilito Plástico Sammy 800ml-OFERTA,PM MU-156,"Botilito en policarbonato. Medidas: 23 cm x 8 cm diámetro. Marca: 3,5 cm / Tampografía Unidades por Caja: 36   Unidades  Empaque: 53,6    X 53,6 X 26,0 / 6,0 Kg",https://www.catalogospromocionales.com/p/Botilito-Plastico-Sammy-800ml-oferta/8055/23
Botilito Wave PVC 650ml - Produccion Nacional,MU-143,"Botilito en PVC con tapa tipo pestaña y empaque plástico antigoteo. Medidas: 21.5 cm x 7 cm diámetro. Marca: 4,5 cm / Tampografía  Producto con condiciones especiales de alistamiento,consulte con su asesora el tiempo de entrega. Unidades por Caja: 0   Unidades  Empaque: 0,0    X 0,0 X 0,0 / 0,0 Kg",https://www.catalogospromocionales.com/p/botilito-wave-pvc-650ml-produccion-nacional/7763/23
Mug Plastico Doble Pared Walsh 16 oz,MU-115,"Mug plástico doble pared con tapa plástica. La tapa es una tapa protectora de cierre a presión, no es tapa de seguridad. Medidas: 15.2 cm x 9.5 cm diámetro Marca: 4 cm / Tampografía Unidades por Caja: 24   Unidades  Empaque: 62,0    X 42,0 X 18,0 / 5,0 Kg",https://www.catalogospromocionales.com/p/mug-plastico-doble-pared-walsh-16-oz/7456/23
Botilito En Tritan Dominic 600ml-OFERTA,PM MU-147,"Con agarradera en silicona. Tapa plástica. Libre de BPA (bisphenol-A). Medidas: 27 cm x 7 cm diámetro. Marca: 4 cm / Tampografía Unidades por Caja: 25   Unidades  Empaque: 40,0    X 40,0 X 29,5 / 3,1 Kg",https://www.catalogospromocionales.com/p/botilito-en-tritan-dominic-600ml-OFERTA/8046/23
Mug Ceramica Con Corcho 11oz,MU-112,"Cerámica con base en corcho y tapa plástica. No apto para microondas ni lava vajillas. La tapa es una tapa protectora de cierre a presión, no es tapa de seguridad. Medidas: 11 cm x 8.3 cm diámetro  Venta mínima y en múltiplos de caja de 36 unidades.  Unidades por Caja: 36   Unidades  Empaque: 44,0    X 29,0 X 40,0 / 16,0 Kg",https://www.catalogospromocionales.com/p/mug-ceramica-con-corcho-11-oz/7453/23
Botilito En Tritan Dominic 600ml-OFERTA,PM MU-147,"Con agarradera en silicona. Tapa plástica. Libre de BPA (bisphenol-A). Medidas: 27 cm x 7 cm diámetro. Marca: 4 cm / Tampografía Unidades por Caja: 25   Unidades  Empaque: 40,0    X 40,0 X 29,5 / 3,1 Kg",https://www.catalogospromocionales.com/p/botilito-en-tritan-dominic-600ml-OFERTA/8046/23
Mug Plástico Antideslizante 480ml,MU-171,"Plástico con agarradera en silicona y chupa antideslizante en la base. Empaque caja Individual. Medidas: 21.5 cm x 8 cm diámetro Marca: 4 cm / Tampografía Unidades por Caja: 48   Unidades  Empaque: 54,0    X 37,0 X 47,5 / 15,0 Kg",https://www.catalogospromocionales.com/p/Mug-Plastico-Antideslizante-480ml/8070/23
Mug Ceramica Laser 11oz,MU-176,"Mug en cerámica con recubrimiento especial para marca en láser, la marca queda del color del mug. Apto para microondas. Medidas: 9.7 cm X 8 cm de diámetro. Área de marca: 6 cm. / Láser.  El precio de la marca será dependiendo del tamaño y duración del logo.  Venta mínima y en múltiplos de caja de 36 unidades.   Unidades por Caja: 36   Unidades  Empaque: 40,0    X 27,0 X 32,0 / 13,0 Kg",https://www.catalogospromocionales.com/p/Mug-Ceramica-Laser-11oz/8399/23
Mug En Cerámica Leslie 11 Oz,MU-169,"Mug en cerámica. Apto para microondas y lavavajillas (retire la silicona antes de colocarlo). Medidas: 10 cm x 7.8 cm diámetro  Venta mínima y en múltiplos de caja de 36 unidades. Unidades por Caja: 36   Unidades  Empaque: 37,5    X 26,0 X 32,0 / 12,5 Kg",https://www.catalogospromocionales.com/p/Mug-En-Ceramica-Leslie-11-Oz/8068/23
BotilitoSamson 650 ML (Produccion nacional),MU-175,"Botilito en polietileno. Disponible con bola antiestrés VA-89. Opcional Tapa negra o tapa de colores. Medidas: 25.5 cm x 7 cm diámetro Marca: 4.5 cm / Tampografía / 21.5 cm / Serigrafía Contorno  NUEVO Unidades por Caja: 0   Unidades  Empaque: 0,0    X 0,0 X 0,0 / 0,0 Kg",https://www.catalogospromocionales.com/p/Botilito-Samson-650-ML-Produccion-nacional/8369/23
Mug Plástico Trevor 16 Oz,MU-168,"Doble pared. Se puede retirar el vaso plástico y colocar publicidad en el contorno del mug. Medidas: 20.5 cm x 7 cm diámetro Marca: 4 cm / Tampografía / 13.7 cm x 26 cm / Litografía (cotización especial)  Unidades por Caja: 50   Unidades  Empaque: 45,0    X 45,0 X 40,0 / 13,0 Kg",https://www.catalogospromocionales.com/p/Mug-Plastico-Trevor-16-Oz/8067/23
Mug Ceramica Ottis 11oz,MU-177,"Cerámica. Apto para uso en microondas y lava vajillas. Medidas: 9.7 cm x 8 cm diámetro Sin marca  Venta mínima y en múltiplos de caja de 36 unidades.  Unidades por Caja: 36   Unidades  Empaque: 31,0    X 28,5 X 39,0 / 13,0 Kg",https://www.catalogospromocionales.com/p/mug-ceramica-ottis-11oz/8421/23
Botilito Plastico Galaxy 950ml-Produccion Nacional,MU-144,"Botilito en PVC Atóxico. Tapa importada, botella producción nacional. Medidas: 23 cm x 7.8 cm diámetro. Marca: 4 cm / Tampografía Unidades por Caja: 0   Unidades  Empaque: 0,0    X 0,0 X 0,0 / 0,0 Kg",https://www.catalogospromocionales.com/p/Botilito-Plastico-Galaxy-950ml-Produccion-Nacional/7890/23
Botilito Metálico Fleming 600ml OFERTA,PM MU-167,"Con carabinero. Empaque caja Individual. Medidas: 24.5 cm x 7 cm diámetro. Marca: 3 cm / Tampografía / Láser (Líquido Oxidante). Unidades por Caja: 40   Unidades  Empaque: 63,0    X 40,0 X 27,5 / 9,0 Kg",https://www.catalogospromocionales.com/p/Botilito-Metalico-Fleming-600ml/8066/23
Botilito en Tritán Bopp Con Infusor 650ml,MU-164,"Botilito en tritán con infusor. Libre de BPA (bisphenol-A). Empaque Caja Individual. Medidas: 25 cm x 8 cm díametro. Marca: 4 cm / Tampografía Unidades por Caja: 30   Unidades  Empaque: 58,0    X 48,0 X 30,0 / 11,4 Kg",https://www.catalogospromocionales.com/p/Botilito-en-tritan-Bopp-Con-Infusor-650ml/8063/23
Mug Cerámica Zenith 12oz,MU-145,"Cerámica. Con acabado metalizado. No es apto para microondas ni lavavajillas. Medidas: 9.5 cm x 8 cm diámetro   Venta mínima y en múltiplos de caja de 36 unidades.  Unidades por Caja: 36   Unidades  Empaque: 40,0    X 28,0 X 32,0 / 14,0 Kg",https://www.catalogospromocionales.com/p/Mug-Ceramica-Zenith-12oz/7874/23
Botilito Plastico Glimmer 900ml,MU-142,"Botilito en policarbonato. Medidas: 26.5 cm x 7.4 cm diámetro. Marca: Área de marca:4,5 cm Área de marca Serigrafía: 22,5 cm / Serigrafía Contorno / Tampografía Unidades por Caja: 60   Unidades  Empaque: 47,5    X 40,0 X 59,0 / 10,0 Kg",https://www.catalogospromocionales.com/p/Botilito-Plastico-Glimmer-900ml/7888/23
Mug Metálico Galileo 16 Oz,MU-161,"Mug metálico con interior plástico y tapa. La tapa es una tapa protectora de cierre a presión, no es tapa de seguridad. Empaque Caja Individual. Medidas: 14.5 cm x 8.5 cm diámetro Marca: 4 cm / Láser (Líquido Oxidante en silver) Unidades por Caja: 48   Unidades  Empaque: 74,0    X 38,0 X 33,0 / 12,0 Kg",https://www.catalogospromocionales.com/p/Mug-Metalico-Galileo-16-Oz/8060/23
Botilito Metálico kurt 800 ml,MU-196,"Acero inoxidable, con tapa plástica y chupo.  Empaque Caja Individual. Medidas: 23 cm x 5.3 cm diámetro Marca: 5 cm / Tampografía / Láser (Líquido Oxidante en silver) Unidades por Caja: 24   Unidades  Empaque: 0,0    X 0,0 X 0,0 / 6,5 Kg",https://www.catalogospromocionales.com/p/Botilito-Metalico-kurt-800-ml/8528/23
Botilito Metálico Jupiter 500 ml,MU-183,"Botella en aluminio con tapa plástica y cargadera. Medidas: 21 cm x 6.5 cm diámetro Marca: 5 cm / Tampografía / Láser (Líquido Oxidante en silver) Unidades por Caja: 50   Unidades  Empaque: 23,0    X 36,0 X 71,5 / 7,0 Kg",https://www.catalogospromocionales.com/p/Botilito-Metalico-Jupiter-500-ml/8514/23
Botilito Metálico Wolfgang 500 ml,MU-199,"Doble pared en acero Inoxidable, con aislamiento térmico que mantiene la bebida fría entre 8-10h aprox o caliente 3-4h aprox (puede variar dependiendo condiciones climáticas). Tapa rosca con interior plástico. Medidas: 25 cm x 5.5 cm diámetro Marca: 5 cm / Tampografía / Láser (Líquido Oxidante en silver) Unidades por Caja: 24   Unidades  Empaque: 28,0    X 30,5 X 44,0 / 8,5 Kg",https://www.catalogospromocionales.com/p/Botilito-Metalico-Wolfgang-500-ml/8531/23
Botilito en Tritán Clio 800 ml,MU-191,"Botilito en Tritán de alta resistencia y durabilidad. Tapa rosca con pitillo. Libre de BPA (bisphenol-A). Medidas: 24 cm x 7 cm diámetro Marca: 5 cm / Tampografía Unidades por Caja: 36   Unidades  Empaque: 27,0    X 50,0 X 53,5 / 6,0 Kg",https://www.catalogospromocionales.com/p/Botilito-en-Tritan-Clio-800-ml/8522/23
Botilito Metálico Cassandra 700 ml,MU-192,"Acero Inoxidable. Tapa plástica con rosca y agarradera. Medidas: 21.1 cm x 7 cm diámetro Marca: 5 cm / Tampografía / Láser (Líquido Oxidante en silver) Unidades por Caja: 36   Unidades  Empaque: 24,5    X 47,5 X 47,0 / 5,5 Kg",https://www.catalogospromocionales.com/p/Botilito-Metalico-Cassandra-700-ml/8699/23
Mug Metálico Deimos 470 ml OFERTA,PM MU-182,"Metálico con interior plástico. Tapa rosca plástica. La tapa es una tapa protectora, no es tapa de seguridad. Medidas: 19.5 cm x 6.7 cm diámetro Marca: 5 cm / Tampografía / Láser (Líquido Oxidante) Unidades por Caja: 36   Unidades  Empaque: 23,0    X 52,5 X 51,5 / 8,8 Kg",https://www.catalogospromocionales.com/p/Mug-Metalico-Deimos-470-ml/8513/23
Mug Metálico Moritz 450 ml,MU-194,"Acero inoxidable con interior plástico y tapa. La tapa es una tapa protectora de cierre a presión, no es tapa de seguridad. Empaque Caja Individual. Medidas: 16.5 cm x 8 cm diámetro Marca: 4 cm / Tampografía / Láser (líquido oxidante) Unidades por Caja: 24   Unidades  Empaque: 19,7    X 50,5 X 55,5 / 5,7 Kg",https://www.catalogospromocionales.com/p/Mug-Metalico-Moritz-450-ml/8526/23
Botilito en Tritán Telesto 600 ml OFERTA,PM MU-184,"Botilito en Tritán de alta resistencia y durabilidad. Soporte para celular en la base y compartimiento inferior. Tapa rosca con agarradera en silicona. Libre de BPA (bisphenol-A). Medidas: 25.4 cm x 7 cm diámetro Marca: 5 cm / Tampografía Unidades por Caja: 48   Unidades  Empaque: 52,0    X 32,0 X 46,5 / 9,0 Kg",https://www.catalogospromocionales.com/p/Botilitoen-Tritan-Telesto-600ml/8515/23
Botilito Murray 700 ml,MU-178,"Botilito plástico en Acrilonitrilo estireno (AS) con tapa y base con exterior metálico. Libre de BPA (bisphenol-A). Medidas: 25.5 cm x 7 cm diámetro Marca: 5 cm / Tampografía Unidades por Caja: 48   Unidades  Empaque: 53,5    X 31,5 X 45,0 / 6,7 Kg",https://www.catalogospromocionales.com/p/botilito-murray-700ml/8665/23
Mug Metálico Peyton 470 ml,MU-180,"Metálico con interior plástico. Tapa plástica. La tapa es una tapa protectora de cierre a presión, no es tapa de seguridad.  Empaque Caja Individual. Medidas: 12,5 cm x 6,2 cm diámetro Marca: 5 cm / Tampografía / Láser (Líquido Oxidante en silver) Unidades por Caja: 50   Unidades  Empaque: 30,0    X 57,0 X 70,0 / 13,4 Kg",https://www.catalogospromocionales.com/p/Mug-Metalico-Peyton-470-ml/8667/23
Mug Metálico Anton 450 ml,MU-195,"Acero Inoxidable. Exterior y agarradera en plástico. Tapa plástica. La tapa es una tapa protectora de cierre a presión, no es tapa de seguridad. Empaque Caja Individual. Medidas: 11 cm x 8 cm diámetro Marca: 5 cm / Tampografía Unidades por Caja: 24   Unidades  Empaque: 14,0    X 52,5 X 57,0 / 6,5 Kg",https://www.catalogospromocionales.com/p/Mug-Metalico-Anton-450ml/8527/23
Botilito Metálico Evander 750 ml OFERTA,PM MU-190,"Botilito metálico con carabinero.  Empaque Caja Individual. Medidas: 24,5 cm x 7 cm diámetro Marca: 4 cm / Tampografía / Láser (Líquido Oxidante en silver) Unidades por Caja: 48   Unidades  Empaque: 31,0    X 49,0 X 65,0 / 9,5 Kg",https://www.catalogospromocionales.com/p/Botilito-Metalico-Evander-750-ml/8521/23
Botilito en Tritán Ambrossi 800 ml OFERTA,PM MU-201,"Botilito en Tritán con tapa tipo pestaña. Libre de BPA (bisphenol-A). Medidas: 23,5 cm x 7,5 cm diámetro Marca: 5 cm / Tampografía Unidades por Caja: 36   Unidades  Empaque: 26,0    X 52,0 X 52,0 / 4,7 Kg",https://www.catalogospromocionales.com/p/Botilito-en-Tritan-Ambrossi-800ml/8616/23
Botilito Plástico Skoll 700 ml,MU-187,"En Policarbonato. Con tapa rosca y escala de medidas. Medidas: 23 cm x 7 cm diámetro Marca: 5 cm / Tampografía Unidades por Caja: 60   Unidades  Empaque: 51,0    X 47,0 X 63,0 / 10,0 Kg",https://www.catalogospromocionales.com/p/Botilito-Plastico-Skoll-700-ml/8518/23
Vaso Plástico New York 20 oz,MU-204M,"Polipropileno. Con tapa. La tapa es una tapa protectora de cierre a presión, no es tapa de seguridad. Medidas: 18.8 cm x 6.4 cm diámetro Marca: 5.5 cm / Tampografía  Producto con condiciones especiales de alistamiento,consulte con su asesora el tiempo de entrega.  **Para el material en polipropileno+fibra de trigo puede haber variación en el tono de los colores debido a la reacción del tipo de material y los colorantes usados en la fabricación**  Unidades por Caja: 0   Unidades  Empaque: 0,0    X 0,0 X 0,0 / 0,0 Kg",https://www.catalogospromocionales.com/p/vaso-plastico-new-york-20-oz-produccion-nacional/8735/23
Botilito Plástico Square 650 ml,MU-189,"Botilito en policarbonato con tapa en polipropileno. Con cordón para cargar. Medidas: 23 cm x 6,5 cm x 6,5 cm Marca: 5,5 cm / Tampografía Unidades por Caja: 60   Unidades  Empaque: 49,0    X 38,0 X 43,0 / 9,2 Kg",https://www.catalogospromocionales.com/p/Botilito-Plastico-Square-650ml/8693/23
Mini Mug Cerámica 3.6oz,MU-200,"Cerámica. Apto para uso en microondas y lavavajillas. Medidas: 6,5 cm x 6 cm diámetro Sin marca  Venta mínima y en múltiplos de caja de 96 unidades. Unidades por Caja: 96   Unidades  Empaque: 40,0    X 30,0 X 29,0 / 17,0 Kg",https://www.catalogospromocionales.com/p/Mini-Mug-Ceramica-3-6oz/8602/23
Botilito en Aluminio Parsons 700ml,MU-206,"Botilito metálico con tapa pitillo. Medidas: 24 cm x 7.2 cm diámetro Marca: 5 cm / Tampografía, producto con tratamiento / Láser (Líquido Oxidante en silver) Unidades por Caja: 40   Unidades  Empaque: 72,0    X 50,0 X 26,0 / 9,0 Kg",https://www.catalogospromocionales.com/p/Botilito-en-Aluminio-Parsons-700ml/8758/23
Mug Metalico Salvatore 300 ml-,MU-203-,"Mug metálico con interior plástico y tapa rosca. La tapa es una tapa protectora de cierre a presión, no es tapa de seguridad. Empaque Caja Individual. Medidas: 16 cm x 6 cm diámetro Marca: 4 cm / Tampografía / Láser (Líquido Oxidante en silver) Unidades por Caja: 30   Unidades  Empaque: 48,0    X 40,0 X 20,0 / 6,3 Kg",https://www.catalogospromocionales.com/p/Mug-Metalico-Salvatore-300-ml/8752/23
Vaso Plástico New York 23 oz,MU-204,"Polipropileno. Con tapa. La tapa es una tapa protectora de cierre a presión, no es tapa de seguridad. Medidas: 17.1 cm x 6.6 cm diámetro Marca: 5.5 cm / Tampografía  Producto con condiciones especiales de alistamiento,consulte con su asesora el tiempo de entrega.  **Para el material en polipropileno+fibra de trigo puede haber variación en el tono de los colores debido a la reacción del tipo de material y los colorantes usados en la fabricación**  Unidades por Caja: 0   Unidades  Empaque: 0,0    X 0,0 X 0,0 / 0,0 Kg",https://www.catalogospromocionales.com/p/vaso-plastico-new-york-23-oz-produccion-nacional/8714/23
Botilito Plástico Pandora 740 ml OFERTA,PM MU-186,"En policarbonato. Con tapa rosca y agarradera. Medidas: 27,5 cm x 5,5 cm diámetro Marca: 5 cm / Tampografía Unidades por Caja: 48   Unidades  Empaque: 57,0    X 33,0 X 49,0 / 7,1 Kg",https://www.catalogospromocionales.com/p/Botilito-Plastico-Pandora-740-ml/8517/23
Botilito Plástico Hydra 500 ml OFERTA,PM MU-188,"Botilito en policarbonato con tapa en polipropileno. Con cordón para cargar, pitillo y tubo enfriador. Medidas: 21,5 cm x 6,5 cm diámetro Marca: 5 cm / Tampografía Unidades por Caja: 60   Unidades  Empaque: 47,0    X 35,5 X 41,5 / 8,3 Kg",https://www.catalogospromocionales.com/p/Botilito-Plastico-Hydra-500-ml/8519/23
Botilito Plástico Atlas 700 ml,MU-185,"Acrilonitrilo estireno (AS). Tapa rosca con chupo. Libre de BPA (bisphenol-A). Medidas: 23 cm x 7 cm diámetro Marca: 5 cm / Tampografía Unidades por Caja: 60   Unidades  Empaque: 45,5    X 38,5 X 45,5 / 7,0 Kg",https://www.catalogospromocionales.com/p/Botilito-Plastico-Atlas-700ml/8516/23
Mug en Vidrio Paolo 12 oz,MU-202,"Vidrio. Con base de color. No es apto para microondas ni lavavajillas. Empaque caja individual. Medidas: 9,1 cm x 7,8 cm diámetro Marca: 5 cm / Tampografía / Láser Unidades por Caja: 48   Unidades  Empaque: 48,0    X 38,0 X 34,0 / 18,0 Kg",https://www.catalogospromocionales.com/p/Mug-en-Vidrio-Paolo-12-oz/8631/23
Botilito para Mascotas 580ml,VA-816,"Con esta botella podrá transportar agua limpia para su mascota siempre sin preocuparse por cómo servirla. El recipiente tiene una válvula especial que no desperdicia agua. - Fácil de operar - Aprieta la botella para permitir que el agua llegue al recipiente y luego suelta para permitir que el agua regrese a la botella. No apto para microondas, lavavajillas ni agua caliente. Incluye velcro para fácil transporte. Medidas: 21.5 cm x 10.7 cm diámetro superior x 6.5 cm diámetro inferior Marca: Botella: 3.5 cm / Hueso: 2 cm / Tampografía Unidades por Caja: 100   Unidades  Empaque: 53,0    X 53,0 X 18,0 / 12,0 Kg",https://www.catalogospromocionales.com/p/Botilito-para-Mascotas/8867/23
Botilito Metálico Otto 600 ml,MU-197,"Metálico con tapa plástica translúcida y agarradera en caucho. No apto para bebidas calientes. Color de botella opcional entre blanco y silver. Color de tapa a elección. Medidas: 23 cm x 6.5 cm diámetro Marca: 4 cm / Tampografía / Láser (Líquido Oxidante en silver) Unidades por Caja: 50   Unidades  Empaque: 24,5    X 37,0 X 72,0 / 6,0 Kg",https://www.catalogospromocionales.com/p/Botilito-Metalico-Otto-600-ml/8530/23
Botilito Metálico Neon II 750ml,MU-166-1,"Aluminio en colores neón. Tapa plástica. Medidas: 21.5 cm x 7 cm diámetro Marca: 4.5 cm / Tampografía / Screen / Láser Unidades por Caja: 50   Unidades  Empaque: 80,0    X 40,0 X 24,0 / 7,5 Kg",https://www.catalogospromocionales.com/p/botilito-metalico-neon-ii-750ml/9361/23
Set de Porcelana Expresso 8 piezas,MU-245,"Set de cuatro platos y cuatro tazas de 1.5oz en porcelana. Empaque caja individual. Medidas: Caja: 28.5 cm x 15.5 cm x 6 cm Sin Marca Unidades por Caja: 12   Unidades  Empaque: 47,0    X 29,0 X 26,0 / 13,0 Kg",https://www.catalogospromocionales.com/p/set-de-porcelana-expresso-8-piezas/9351/23
Set de Cerámica Wave 4 piezas,MU-209,"Set de dos platos y dos tazas de 5oz en cerámica. Caja negra. Medidas: Caja: 24 cm x 18 cm x 9 cm Sin Marca Unidades por Caja: 8   Unidades  Empaque: 36,5    X 26,0 X 39,5 / 8,5 Kg",https://www.catalogospromocionales.com/p/set-de-ceramica-wave-4-piezas/8851/23
Mug Cerámica Stardust 12oz,MU-212,"Cerámica. Con acabado metalizado interior. No es apto para microondas ni lavavajillas. Medidas:9.5 cm x 8 cm diámetro Marca:/Sin Marca  Venta mínima y en múltiplos de caja de 36 unidades. Unidades por Caja: 36   Unidades  Empaque: 40,0    X 27,0 X 31,0 / 13,0 Kg",https://www.catalogospromocionales.com/p/mug-ceramica-stardust-12oz/8920/23
Mug Plastico Pop 275ml,MU-213,"Mug plástico doble pared con tapa plástica. La tapa es una tapa protectora, no es tapa de seguridad. Libre de BPA. Empaque caja individual. Medidas:16.9 cm x 7.2 cm diámetro Marca:4 cm/Tampografía Unidades por Caja: 60   Unidades  Empaque: 39,0    X 43,0 X 68,5 / 14,0 Kg",https://www.catalogospromocionales.com/p/mug-plastico-pop-275ml/8946/23
Mug Cerámica Tablero Frame 11oz,MU-210,"Mug para escribir con tiza, marco borrable como un tablero. Incluye tiza blanca. Apto para microondas y lavavajillas. Empaque caja individual. Medidas: 9.4 cm x 8 cm diámetro Sin Marca Unidades por Caja: 36   Unidades  Empaque: 49,0    X 28,0 X 33,0 / 14,5 Kg",https://www.catalogospromocionales.com/p/mug-ceramica-tablero-frame-11oz/8864/23
Set de Mugs con Termo Cascade,MU-162-1,"Set de termo doble pared de 500ml y dos mugs metálicos de 280ml cada uno. En caja negra. Medidas: Termo:15 cm x6.8 cm diámetro. Mug:12 cm x 6.5 cm diámetro Marca: 4 cm / Tampografía, producto con tratamiento / Láser (Líquido Oxidante) Unidades por Caja: 12   Unidades  Empaque: 59,0    X 32,0 X 51,0 / 12,0 Kg",https://www.catalogospromocionales.com/p/Set-de-Mugs-con-Termo-Cascade/8853/23
Mug Metalico Beer 550ml,MU-234,"Doble pared con mango plástico. Acero Inoxidable. Empaque caja individual. Medidas: 15 cm x 8 cm diámetro Marca: 5 cm / Tampografía, producto con tratamiento / 5 cm / Láser (Líquido Oxidante en Silver) Unidades por Caja: 24   Unidades  Empaque: 50,0    X 38,0 X 34,0 / 9,0 Kg",https://www.catalogospromocionales.com/p/mug-metalico-beer-550ml/9015/23
Botilito de Silicona Twiggy 450ml,MU-211,"Silicona. Con tapa plástica de rosca, chupo y banda para plegar. Medidas:Abierto: 23 cm x 6.4 cm diámetro Marca:4 cm / Tampografía en silicona a una tinta Unidades por Caja: 80   Unidades  Empaque: 53,0    X 42,0 X 30,0 / 13,2 Kg",https://www.catalogospromocionales.com/p/botilito-de-silicona-twiggy-450ml/8915/23
Jarra Plastica Kolors 600 ml,MU-207,"Plástico PS+PP. Tapa metálica y pitillo. Caja blanca individual. Medidas: 13.5 cm x 8 cm diámetro Marca: 4.5 cm / Tampografía Unidades por Caja: 40   Unidades  Empaque: 54,0    X 43,0 X 31,0 / 4,5 Kg",https://www.catalogospromocionales.com/p/Jarra-Plastica-Kolors-600-ml/8824/23
Botilito Plastico Static 650ml,MU-222,"Botilito en policarbonato con tapa rosca en polipropileno y pitillo. Medidas:22.4 cm x 7 cm diámetro Marca:3.5 cm/Tampografía, producto con tratamiento Unidades por Caja: 24   Unidades  Empaque: 49,5    X 32,0 X 25,5 / 4,5 Kg",https://www.catalogospromocionales.com/p/botilito-plastico-static-650ml/9003/23
Botilito Metalico Stryper 500ml,MU-225,"Doble pared en acero Inoxidable, con aislamiento térmico que mantiene la bebida fría entre 8-10h aprox o caliente 3-4h aprox (puede variar dependiendo condiciones climáticas). Tapa plástica y agarradera en silicona. Medidas:23.5 cm x 7 cm diámetro Marca:5 cm / Tampografía, producto con tratamiento / Láser (Líquido Oxidante) Unidades por Caja: 36   Unidades  Empaque: 48,0    X 48,0 X 27,0 / 10,5 Kg",https://www.catalogospromocionales.com/p/botilito-metalico-stryper-500ml/9006/23
Mug Metalico Star 350ml,MU-215,"Mug metálico con interior plástico y tapa. La tapa es una tapa protectora, no es tapa de seguridad. Empaque caja individual. Medidas:12 cm x 6.3 cm diámetro inferior Marca:5 cm / Tampografía, producto con tratamiento / Láser Unidades por Caja: 52   Unidades  Empaque: 46,5    X 46,5 X 15,0 / 10,5 Kg",https://www.catalogospromocionales.com/p/mug-metalico-star-350ml/8986/23
Botilito en Tritan Halford 750ml,MU-224,"Botilito en Tritán de alta resistencia y durabilidad. Tapa rosca. Libre de BPA (bisphenol-A). Medidas:22 cm x 7.3 cm diámetro Marca:5 cm/Tampografía, producto con tratamiento Unidades por Caja: 36   Unidades  Empaque: 57,0    X 46,0 X 26,0 / 5,6 Kg",https://www.catalogospromocionales.com/p/botilito-en-tritan-halford-750ml/9005/23
Mug Metalico Blast 330ml,MU-219,"Mug metálico con interior plástico y tapa. La tapa es una tapa protectora, no es tapa de seguridad. Medidas:13 cm x 6.5 cm diámetro Marca:4 cm/Tampografía, producto con tratamiento Unidades por Caja: 36   Unidades  Empaque: 56,0    X 56,0 X 15,0 / 7,0 Kg",https://www.catalogospromocionales.com/p/mug-metalico-blast-330ml/9000/23
Botilito en Vidrio Neoprene 530ml,MU-216,"Vidrio Borosilicato (Alta Calidad). Con tapa interior plástico y exterior metálico, cordón para cargar. Cubierta en neopreno. Empaque caja individual. Medidas:23 cm x 6.4 cm diámetro Marca:4 cm / Screen / Tampografía, producto con tratamiento Unidades por Caja: 25   Unidades  Empaque: 27,0    X 40,0 X 40,0 / 10,5 Kg",https://www.catalogospromocionales.com/p/botilito-en-vidrio-neoprene-530ml/8987/23
Botilito en Tritan Jacob 690ml,MU-223,"Botilito en Tritán de alta resistencia y durabilidad. Tapa rosca y pitillo. Libre de BPA (bisphenol-A). Con infusor para frutas en la parte inferior y pitillo. Medidas:24.8 cm x 6.9 cm diámetro Marca:5 cm/Tampografía, producto con tratamiento Unidades por Caja: 36   Unidades  Empaque: 48,0    X 45,0 X 28,5 / 7,8 Kg",https://www.catalogospromocionales.com/p/botilito-en-tritan-jacob-690ml/9004/23
Mug Metalico Nixon 330ml,MU-218,"Mug metálico con interior plástico y tapa rosca. La tapa es una tapa protectora, no es tapa de seguridad. Medidas:14.5 cm x 6.5 cm diámetro Marca:5 cm/Tampografía, producto con tratamiento Unidades por Caja: 36   Unidades  Empaque: 50,5    X 50,5 X 17,5 / 7,8 Kg",https://www.catalogospromocionales.com/p/mug-metalico-nixon-330ml/8999/23
Botilito Plástico Diamond 750ml,MU-221,"Botilito en policarbonato con tapa en polipropileno. Medidas:25.5 cm x 8 cm diámetro Marca:4 cm/Tampografía, producto con tratamiento Unidades por Caja: 24   Unidades  Empaque: 51,0    X 34,0 X 27,5 / 3,8 Kg",https://www.catalogospromocionales.com/p/botilito-plastico-diamond-750ml/9002/23
Botilito en Tritan Klipit 740ml,MU-220,"Botilito en Tritán de alta resistencia y durabilidad. Tapa rosca y pitillo. Libre de BPA (bisphenol-A). Medidas:22.4 cm x 7.9 cm diámetro Marca:5 cm/Tampografía Unidades por Caja: 48   Unidades  Empaque: 67,0    X 56,5 X 26,5 / 8,1 Kg",https://www.catalogospromocionales.com/p/botilito-en-tritan-klipit-740ml/9001/23
Botilito Plastico Doctor 470ml,MU-214,"Botella plástica en polietileno, con carabinero decorativo para colgar y tapa chupo. Medidas:20 cm x 11.5 cm Marca:5 cm/Tampografía, producto con tratamiento Unidades por Caja: 200   Unidades  Empaque: 57,0    X 47,0 X 28,0 / 8,0 Kg",https://www.catalogospromocionales.com/p/botilito-plastico-doctor-470ml/8956/23
Mug Metalico Savoy 350ml,MU-217,"Doble pared en acero Inoxidable, con aislamiento térmico que mantiene la bebida fría entre 8-10h aprox o caliente 3-4h aprox (puede variar dependiendo condiciones climáticas). Tapa plástica y agarradera plástica. La tapa es una tapa protectora, no es tapa de seguridad. Empaque caja individual. Medidas:9.4 cm x 7.5 cm diámetro Marca:5 cm/Tampografía, producto con tratamiento Unidades por Caja: 48   Unidades  Empaque: 54,0    X 41,0 X 33,0 / 19,0 Kg",https://www.catalogospromocionales.com/p/mug-metalico-savoy-350ml/8993/23
Mug Plástico Horizon 500ml,MU-229,"Mug plástico y tapa rosca. La tapa es una tapa protectora, no es tapa de seguridad. Medidas:16.5 cm x 5.5 cm diámetro Marca:4.5 cm/Tampografía, producto con tratamiento Unidades por Caja: 48   Unidades  Empaque: 36,0    X 35,0 X 50,0 / 8,6 Kg",https://www.catalogospromocionales.com/p/mug-plastico-horizon-500ml/9010/23
Botilito Plástico Cork 650ml,MU-231,"Acrilonitrilo estireno (AS). Tapa de cierre a presión. Medidas:24.5 cm x 6.5 cm diámetro Marca:5 cm/Tampografía, producto con tratamiento Unidades por Caja: 48   Unidades  Empaque: 51,0    X 28,0 X 43,0 / 4,8 Kg",https://www.catalogospromocionales.com/p/botilito-plastico-cork-650ml/9012/23
Botilito Plastico Jagger 700ml,MU-227,"Acrilonitrilo estireno (AS). Tapa rosca con pitillo. Medidas:22 cm x 6.5 cm diámetro Marca:4 cm/Tampografía, producto con tratamiento Unidades por Caja: 50   Unidades  Empaque: 48,0    X 37,0 X 37,0 / 5,6 Kg",https://www.catalogospromocionales.com/p/botilito-plastico-jagger-700ml/9008/23
Botilito Plástico Jazz 800ml,MU-230,"Policarbonato. Tapa rosca y agarradera en silicona. Medidas:26 cm x 6.5 cm diámetro Marca:4 cm/Tampografía, producto con tratamiento Unidades por Caja: 48   Unidades  Empaque: 55,0    X 31,0 X 44,5 / 6,9 Kg",https://www.catalogospromocionales.com/p/botilito-plastico-jazz-800ml/9011/23
Botilito Metalico Barry 600ml,MU-236,"Metálico. Con tapa rosca. Medidas:22.6 cm x 6.5 cm diámetro Marca:5 cm / Tampografía, producto con tratamiento/ Láser (Líquido Oxidante en silver) Unidades por Caja: 50   Unidades  Empaque: 72,0    X 36,0 X 26,5 / 6,0 Kg",https://www.catalogospromocionales.com/p/botilito-metalico-barry-600ml/9017/23
Botilito En Tritan Parken 900ml,MU-232,"Botilito en Tritán de alta resistencia y durabilidad. Tapa rosca. Libre de BPA (bisphenol-A). Medidas:24.9 cm x 7.9 cm diámetro Marca:5.5 cm/Tampografía, producto con tratamiento Unidades por Caja: 25   Unidades  Empaque: 41,5    X 41,5 X 26,0 / 5,0 Kg",https://www.catalogospromocionales.com/p/botilito-en-tritan-parken-900ml/9013/23
Mug Metalico Mask 350ml,MU-237,"Doble pared en acero Inoxidable, con aislamiento térmico que mantiene la bebida fría entre 8-10h aprox o caliente 3-4h aprox (puede variar dependiendo condiciones climáticas). Tapa plástica protectora de cierre a presión, no es tapa de seguridad. Empaque caja individual. Medidas:11.5 cm x 6 cm diámetro Marca:5 cm / Tampografía, producto con tratamiento/ Láser (Líquido Oxidante en silver) Unidades por Caja: 24   Unidades  Empaque: 14,0    X 38,0 X 56,0 / 4,8 Kg",https://www.catalogospromocionales.com/p/mug-metalico-mask-350ml/9018/23
Botilito Metalico Wood700ml,MU-235,"Acero inoxidable. Tapa rosca metálica con madera y agarradera metálica. Empaque caja individual. Medidas:22 cm x 7 cm diámetro Marca:4 cm / Tampografía, producto con tratamiento / Láser (Líquido Oxidante en silver) Unidades por Caja: 24   Unidades  Empaque: 26,5    X 32,5 X 47,5 / 5,6 Kg",https://www.catalogospromocionales.com/p/botilito-metalico-wood-700ml/9016/23
Mug Metalico Slash 360ml,MU-238,"Doble pared en acero Inoxidable, con aislamiento térmico que mantiene la bebida fría entre 8-10h aprox o caliente 3-4h aprox (puede variar dependiendo condiciones climáticas). Tapa plástica protectora de cierre a presión, no es tapa de seguridad. Empaque caja individual. Medidas:16.5 cm x 7.5 cm diámetro Marca:4 cm / Tampografía, producto con tratamiento / Láser (Líquido Oxidante en silver) Unidades por Caja: 24   Unidades  Empaque: 57,0    X 39,0 X 26,0 / 8,0 Kg",https://www.catalogospromocionales.com/p/mug-metalico-slash-360ml/9019/23
Botilito Plastico Mick 700ml,MU-226,"Acrilonitrilo estireno (AS). Con infusor plástico incorporado para frutas. Se recomienda usar con agua fría o ligeramente tibia. Tapa rosca. Medidas:22 cm x 6.8 cm diámetro Marca:4 cm/Tampografía, producto con tratamiento Unidades por Caja: 50   Unidades  Empaque: 37,0    X 37,0 X 52,0 / 8,0 Kg",https://www.catalogospromocionales.com/p/botilito-plastico-mick-700ml/9007/23
Botilito en Vidrio y Silicona 500ml,MU-233,"Vidrio Borosilicato (Alta Calidad). Con tapa rosca interior plástico y exterior madera. Cubierta en silicona. Empaque caja individual. Medidas:22.9 cm x 6.7 cm diámetro Marca:4 cm/Láser en la tapa Unidades por Caja: 25   Unidades  Empaque: 39,5    X 39,5 X 25,5 / 11,6 Kg",https://www.catalogospromocionales.com/p/botilito-en-vidrio-y-silicona-500ml/9014/23
Botilito Plástico Zeppelin 900ml,MU-228,"Policarbonato. Tapa rosca y agarradera en silicona. Medidas:20 cm x 6.5 cm diámetro Marca:5 cm/Tampografía, producto con tratamiento Unidades por Caja: 48   Unidades  Empaque: 43,0    X 39,0 X 56,0 / 7,2 Kg",https://www.catalogospromocionales.com/p/botilito-plastico-zeppelin-900ml/9009/23
Botilito Metalico Bucket 600ml,MU-240,"Aluminio. Tapa rosca plástica y agarradera en silicona. Medidas:22.6 cm x 6.5 cm diámetro Marca:4 cm/Tampografía, producto con tratamiento Unidades por Caja: 25   Unidades  Empaque: 38,0    X 38,0 X 24,0 / 3,5 Kg",https://www.catalogospromocionales.com/p/botilito-metalico-bucket-600ml/9072/23
Mug Metalico Quest 450ml,MU-194-1,"Acero inoxidable con interior plástico y tapa. La tapa es una tapa protectora de cierre a presión, no es tapa de seguridad. Medidas: 17 cm x 8 cm diámetro Marca: 4 cm / Tampografía, producto con tratamiento Unidades por Caja: 24   Unidades  Empaque: 36,5    X 36,5 X 37,0 / 5,5 Kg",https://www.catalogospromocionales.com/p/mug-metalico-quest-450ml/9389/23
Mug Plastico Newport 480ml - Produccion Nacional,MU-239,"Mug plástico en polipropileno producción nacional. Opcional solo polipropileno o con material ecológico de fibra de trigo. Mezcla con material ecológico en fibra de trigo (50%-60% aprox). El porcentaje de material ecológico tiene un promedio de biodegradabilidad de 2-3 años después del fin de su vida útil. Tapa en silicona importada. La tapa es una tapa protectora de cierre a presión, no es tapa de seguridad. Medidas:13.5 cm x 8.2 cm diámetro Marca: 4 cm / Tampografía, producto con tratamiento  **Para el material en polipropileno+fibra de trigo puede haber variación en el tono de los colores debido a la reacción del tipo de material y los colorantes usados en la fabricación** Unidades por Caja: 0   Unidades  Empaque: 0,0    X 0,0 X 0,0 / 0,0 Kg",https://www.catalogospromocionales.com/p/mug-plastico-newport-480ml---produccion-nacional/9030/23
Jarra Cafetera en Acero Inoxidable Coffee 1.3L,MU-243,"Jarra en acero inoxidable con tapa plástica y manija plástica. La tapa es una tapa protectora de cierre a presión, no es tapa de seguridad. Empaque caja individual. Medidas:23.3 cm x 8.6 cm diámetro Marca:5 cm/Láser (líquido oxidante) Unidades por Caja: 20   Unidades  Empaque: 59,0    X 48,0 X 28,0 / 8,0 Kg",https://www.catalogospromocionales.com/p/jarra-cafetera-en-acero-inoxidable-coffee-1.3l/9194/23
Mug Metalico Acrylic 400ml,MU-242,"Mug con interior metálico, exterior plástico y tapa. La tapa es una tapa protectora, no es tapa de seguridad. Empaque caja individual. Medidas:11.9 cm x 7.7 cm diámetro Marca:5 cm/Tampografía, producto con tratamiento Unidades por Caja: 50   Unidades  Empaque: 65,0    X 47,0 X 28,0 / 13,0 Kg",https://www.catalogospromocionales.com/p/mug-metalico-acrylic-400ml/9181/23
Mug Metalico Norfolk 360ml,MU-244,"Mug metálico con interior plástico y tapa. La tapa es una tapa protectora, no es tapa de seguridad. Empaque caja individual. Medidas:13 cm x 6.5 cm diámetro Marca:5 cm/Tampografía, producto con tratamiento Unidades por Caja: 40   Unidades  Empaque: 48,0    X 38,0 X 31,0 / 9,0 Kg",https://www.catalogospromocionales.com/p/mug-metalico-norfolk-360ml/9195/23
Botilito Plastico Thor 450ml- Producción Nacional,MU-251,"PVC. Opcional con Tapa chupo Lisa / Tapa pestaña. Medidas: 15 cm x 7 cm diámetro Marca: 4 cm / Tampografía, producto con tratamiento / 22.5 cm / Serigrafía Contorno Unidades por Caja: 0   Unidades  Empaque: 0,0    X 0,0 X 0,0 / 0,0 Kg",https://www.catalogospromocionales.com/p/botilito-Plastico-thor-450ml-Produccion-nacional/9393/23
Colgador de Botellas Light,IL-126,"Colgador de botellas en caucho con luz led de dos funciones y carabinero plástico giratorio para cargar. Medidas:12.4 cm x 3.3 cm x 1 cm Marca:3 cm/Tampografía Unidades por Caja: 500   Unidades  Empaque: 37,0    X 28,0 X 44,0 / 9,5 Kg",https://www.catalogospromocionales.com/p/colgador-de-botellas-light/8998/23
Set de Mugs Cerámica Kolors,MU-241,"Set de 6 tazas en cerámica de 8oz, con base metálica para apilar. Empaque Caja Individual. Medidas:Alto total: 30.8 cm x 10 cm / Una taza: 7 cm x 5.5 cm diámetro superior Marca:Sin Marca Unidades por Caja: 6   Unidades  Empaque: 43,0    X 29,0 X 37,0 / 10,0 Kg",https://www.catalogospromocionales.com/p/set-de-mugs-ceramica-kolors/9138/23
Tapa Chupo Lisa - Produccion Nacional,TAPA-LISA,"Tapa en polipropileno con chupo blanco. Medidas: 7 cm diametro Sin Marca Unidades por Caja: 0   Unidades  Empaque: 0,0    X 0,0 X 0,0 / 0,0 Kg",https://www.catalogospromocionales.com/p/tapa-chupo-lisa-produccion-nacional/9394/23
Vaso Pitillo Plástico Diamond 470ml,MU-250,"Mug vaso pitillo doble pared. Medidas: 20 cm x 6.5 cm diámetro inferior Marca: 4.5 cm / Tampografía, producto con tratamiento Unidades por Caja: 48   Unidades  Empaque: 44,0    X 42,0 X 63,0 / 10,6 Kg",https://www.catalogospromocionales.com/p/vaso-pitillo-plastico-diamond-470ml/9376/23
Tapa Alcancia - Produccion Nacional,TAPA-ALCAN,"Tapa en polipropileno. Compatible con las referencias: MU-59 / MU-53 / VA-160 / MU-07 / MU-251 Medidas: 7 cm Diámetro Unidades por Caja: 0   Unidades  Empaque: 0,0    X 0,0 X 0,0 / 0,0 Kg",https://www.catalogospromocionales.com/p/tapa-Alcancia-produccion-nacional/9387/23
Botilito Metalico Urban Travel Lock 600ml,MU-262,"Doble pared en acero Inoxidable, con aislamiento térmico que mantiene la bebida fría entre 8-10h aprox o caliente 3-4h aprox (puede variar dependiendo condiciones climáticas). Agarre de silicona antideslizante, apto para colocar en el portavaso del carro. Tapa de seguridad con interior plástico. Material antibacteriano que inhibe y previene el crecimiento bacteriano gracias a la tecnología nano silver, un tratamiento especial realizado con iones de plata. Las bacterias al contacto con el material se repelen y reducen. Trabaja las 24 horas al día y permanece libre de microbios y bacterias. Material antibacteriano en cumplimiento de estándar ISO 22196: 2011 (Medición de la actividad antibacteriana en plásticos y otras superficies no porosas.). Medidas: 23 cm x 8 cm diámetro Marca: 5 cm / Tampografía con Tratamiento / Láser (Líquido Oxidante)   VIDEO Unidades por Caja: 24   Unidades  Empaque: 36,0    X 54,0 X 26,0 / 7,0 Kg",https://www.catalogospromocionales.com/p/Botilito-Metalico-Urban-Travel-Lock-600ml/9554/23
Botilito en Vidrio Neoprene 450ml,MU-255,"Vidrio. Con tapa rosca de interior plástico y exterior metálico, cordón para cargar. Cubierta en neopreno. Empaque caja individual. Medidas: 19 cm x 6 cm diámetro Marca:4 cm / Screen / Tampografía con Tratamiento en Vidrio / Screen en la Cubierta Unidades por Caja: 0   Unidades  Empaque: 0,0    X 0,0 X 0,0 / 0,0 Kg",https://www.catalogospromocionales.com/p/Botilito-en-Vidrio-Neoprene-450ml/9438/23
Botilito Maxi Supra PVC 900ml- Produccion Nacional,MU-253,"Botilito en PVC atóxico con tapa en ABS súper resistente, con empaque bolsa individual. Medidas: 23.5 cm x 7.5 cm diámetro Marca: 4.5 cm / Tampografía /23 cm / Serigrafía Contorno  Producto con condiciones especiales de alistamiento,consulte con su asesora el tiempo de entrega.  Ver tapa en TapaMU-90 Unidades por Caja: 0   Unidades  Empaque: 0,0    X 0,0 X 0,0 / 0,0 Kg",https://www.catalogospromocionales.com/p/botilito-maxi-supra-pvc-900ml-produccion-nacional/9402/23
Botilito Metalico Jumbo 750ml,MU-252,"Botilito en aluminio con carabinero. Medidas: 25.5 cm x 7 cm diámetro Marca: 4 cm / Tampografía, producto con tratamiento / Láser (Líquido Oxidante en Silver) Unidades por Caja: 50   Unidades  Empaque: 27,0    X 38,0 X 74,0 / 8,0 Kg",https://www.catalogospromocionales.com/p/botilito-metalico-jumbo-750ml/9396/23
Botilito Colapsible Match 480ml,MU-254,"Botilito colapsible 480ml, cuerpo flexible de acabado en PET. Tapón de seguridad tipo rosca con capucha de cierre y mosquetón metálico de transporte. Medidas: 16 cm x 21 cm x 3.3 cm Marca: 9 cm / Screen Unidades por Caja: 0   Unidades  Empaque: 0,0    X 0,0 X 0,0 / 0,0 Kg",https://www.catalogospromocionales.com/p/botilito-colapsible-match-480ml/9429/23
Botilito Metalico Shelby 600ml,MU-263,"Doble pared en acero Inoxidable, con aislamiento térmico que mantiene la bebida fría entre 8-10h aprox o caliente 3-4h aprox (puede variar dependiendo condiciones climáticas). Tapa rosca imitación madera con interior plástico. Material antibacteriano que inhibe y previene el crecimiento bacteriano gracias a la tecnología nano silver, un tratamiento especial realizado con iones de plata. Las bacterias al contacto con el material se repelen y reducen hasta en 99%. Trabaja las 24 horas al día y permanece libre de microbios y bacterias. Material antibacteriano en cumplimiento de estándar ISO 22196: 2011 (Medición de la actividad antibacteriana en plásticos y otras superficies no porosas.). Medidas: 26 cm x 6.5 cm diámetro inferior Marca: 5 cm / Tampografía con Tratamiento/ Láser   Unidades por Caja: 0   Unidades  Empaque: 0,0    X 0,0 X 0,0 / 0,0 Kg",https://www.catalogospromocionales.com/p/Botilito-Metalico-Shelby-600ml/9555/23
Botilito Plastico Squanix 820ml,MU-259,"Elaborado en plástico reciclado PETG. Material de alta transparencia, mayor firmeza y durabilidad, libre de BPA, resistente al desgaste e impactos menores y reciclable. Material antibacteriano que inhibe y previene el crecimiento bacteriano gracias a la tecnología nano silver, un tratamiento especial realizado con iones de plata. Las bacterias al contacto con el material se repelen y reducen hasta en 99%. Trabaja las 24 horas al día y permanece libre de microbios y bacterias. Material antibacteriano en cumplimiento de estándar ISO 22196: 2011 (Medición de la actividad antibacteriana en plásticos y otras superficies no porosas.) Mantiene líquidos calientes hasta 65°C. Tapa rosca de acero con madera y base metálica. Medidas: 26 cm x 7 cm diámetro inferior Marca: 4 cm/ Tampografía con Empaque y Desempaque /Láser en la Tapa Unidades por Caja: 0   Unidades  Empaque: 0,0    X 0,0 X 0,0 / 0,0 Kg",https://www.catalogospromocionales.com/p/Botilito-Plastico-Squanix-820ml/9551/23
Botilito Metalico Hans 600ml,MU-256,"Metálico, en Aluminio. Con tapa rosca. No apto para bebidas calientes. Medidas: 24 cm x 6.5 diámetro Marca: 5 cm / Tampografía, producto con tratamiento/ Láser (Líquido Oxidante en silver) Unidades por Caja: 0   Unidades  Empaque: 0,0    X 0,0 X 0,0 / 0,0 Kg",https://www.catalogospromocionales.com/p/Botilito-Metalico-Hans-600ml/9437/23
Tapa para Botilito Supra MU-90 y MU-253 Maxi Supra,TapaMU-90,"Tapa en ABS. Medidas: 6.5 cm diámetro Sin Marca Unidades por Caja: 0   Unidades  Empaque: 0,0    X 0,0 X 0,0 / 0,0 Kg",https://www.catalogospromocionales.com/p/tapa-para-botilito-supra-mu-90-y-mu-253-maxi-supra/6988/23
Botilito Metalico Hans Neon 600ml,MU-256-1,"Metálico, en Aluminio. Con tapa rosca. No apto para bebidas calientes. Medidas: 24 cm x 6.5 diámetro Marca: 5 cm / Tampografía, producto con tratamiento / Láser Unidades por Caja: 0   Unidades  Empaque: 0,0    X 0,0 X 0,0 / 0,0 Kg",https://www.catalogospromocionales.com/p/Botilito-Metalico-Hans-Neon-600ml/9474/23
Botilito Metalico Vortex 600ml,MU-258,"Doble pared en acero Inoxidable, con aislamiento térmico que mantiene la bebida fría entre 8-10h aprox o caliente 3-4h aprox (puede variar dependiendo condiciones climáticas). Tapa rosca con interior plástico. Material antibacteriano que inhibe y previene el crecimiento bacteriano gracias a la tecnología nano silver, un tratamiento especial realizado con iones de plata. Las bacterias al contacto con el material se repelen y reducen hasta en 99%. Trabaja las 24 horas al día y permanece libre de microbios y bacterias. Material antibacteriano en cumplimiento de estándar ISO 22196: 2011 (Medición de la actividad antibacteriana en plásticos y otras superficies no porosas.). Medidas: 25 cm x 7 cm diámetro Marca: 5 cm / Tampografía con Tratamiento / Láser Unidades por Caja: 0   Unidades  Empaque: 0,0    X 0,0 X 0,0 / 0,0 Kg",https://www.catalogospromocionales.com/p/Botilito-Metalico-Vortex-600ml/9550/23
Botilito Metalico Urban Travel Premier 500ml,MU-261,"Doble pared en acero Inoxidable, con aislamiento térmico que mantiene la bebida fría entre 8-10h aprox o caliente 3-4h aprox (puede variar dependiendo condiciones climáticas). Tapa rosca de seguridad con interior plástico y botón superior de presión para dispensar líquido. Material antibacteriano que inhibe y previene el crecimiento bacteriano gracias a la tecnología nano silver, un tratamiento especial realizado con iones de plata. Las bacterias al contacto con el material se repelen y reducen. Trabaja las 24 horas al día y permanece libre de microbios y bacterias. Material antibacteriano en cumplimiento de estándar ISO 22196: 2011 (Medición de la actividad antibacteriana en plásticos y otras superficies no porosas.). Medidas: 21 cm x 7 cm diámetro inferior Marca: 5 cm / Tampografía con Tratamiento/ Láser  VIDEO Unidades por Caja: 0   Unidades  Empaque: 0,0    X 0,0 X 0,0 / 0,0 Kg",https://www.catalogospromocionales.com/p/Botilito-Metalico-Urban-Travel-Premier-500ml/9553/23
Termo Swisspeak Elite 500ml,MU-274,"Doble pared en acero Inoxidable 18/8, con aislamiento térmico que mantiene la bebida fría entre 8-10h aprox o caliente 3-4h aprox (puede variar dependiendo condiciones climáticas). Tapa rosca con interior plástico y válvula antigoteo. Empaque Caja Individual. Medidas: 25.5 cm x 7.4 cm diámetro Marca: 5 cm / Tampografía con Tratamiento/ Láser Unidades por Caja: 24   Unidades  Empaque: 55,0    X 27,0 X 35,0 / 11,2 Kg",https://www.catalogospromocionales.com/p/Termo-Swisspeak-Elite-500ml/9565/23
Cafetera en Vidrio Compact 350ml,MU-268,"Capacidad 350 ml. Elaborado en Borosilicato, con filtro incorporado, para obtener un café más concentrado. Manija y tapa plástica. Empaque Caja Individual. Medidas: 13.7 cm x 7.8 cm diámetro Marca: 3.5 cm / Tampografía con Tratamiento   VIDEO Unidades por Caja: 36   Unidades  Empaque: 55,0    X 43,0 X 38,0 / 10,6 Kg",https://www.catalogospromocionales.com/p/Cafetera-en-Vidrio-Compact-350ml/9560/23
Mug Metalico Cork 300ml,MU-271,"Mug metálico con interior plástico, tapa de cierre a presión y base en corcho. La tapa es una tapa protectora de cierre a presión, no es tapa de seguridad. Empaque Caja Individual. Medidas: 12 cm x 9.3 cm diámetro superior Marca: 3 cm / Tampografía con Tratamiento/ Láser Unidades por Caja: 24   Unidades  Empaque: 58,0    X 40,0 X 16,0 / 5,5 Kg",https://www.catalogospromocionales.com/p/Mug-Metalico-Cork-300ml/9563/23
Botilito Plastico Alepy 750ml,MU-265,"Elaborado en plástico reciclado PETG. Material de alta transparencia, mayor firmeza y durabilidad, libre de BPA, resistente al desgaste e impactos menores y reciclable. Mantiene líquidos calientes hasta 65°C. Tapa rosca y base metálica. Medidas:24.5 cm x 7 cm diámetro inferior Marca:4 cm/Tampografía, producto con tratamiento Unidades por Caja: 0   Unidades  Empaque: 0,0    X 0,0 X 0,0 / 0,0 Kg",https://www.catalogospromocionales.com/p/Botilito-Plastico-Alepy-750ml/9557/23
Vaso Doble Pared de Seguridad 450ml -Prod Nacional,MU-257,"Vaso doble pared en polipropileno, con tapa de seguridad. Se coloca la publicidad impresa dentro. Opcional Tapa Pestaña o Tapa Pitillo. Vaso siempre blanco, tapa pestaña en colores sólidos, pitillo siempre transparente. Medidas: 18 cm x 9.5 cm diámetro Marca: 4.5 cm / Tampografía / 15 cm x 26 cm / Litografía Unidades por Caja: 0   Unidades  Empaque: 0,0    X 0,0 X 0,0 / 0,0 Kg",https://www.catalogospromocionales.com/p/Vaso-Doble-Pared-de-Seguridad-450ml-Prod-Nacional/9618/23
Mug Metalico Bowie 480ml,MU-272,"Mug metálico con interior plástico, tapa rosca. La tapa es una tapa protectora de cierre a presión, no es tapa de seguridad. Empaque Caja Individual. Medidas: 18.8 cm x 8 cm diámetro Marca: 3 cm / Tampografía con Tratamiento/ Láser Unidades por Caja: 24   Unidades  Empaque: 53,0    X 36,0 X 23,0 / 7,0 Kg",https://www.catalogospromocionales.com/p/Mug-Metalico-Bowie-480ml/9564/23
Botilito en Tritan Swat 600ml,MU-267,"Material en plástico Tritán de alta resistencia y durabilidad de tapa con doble función. Libre de BPA (bisphenol-A). Medidas: 22 cm x 6.5 cm diámetro Marca: 5 cm / Tampografía con Empaque y Desempaque Unidades por Caja: 0   Unidades  Empaque: 0,0    X 0,0 X 0,0 / 0,0 Kg",https://www.catalogospromocionales.com/p/Botilito-en-Tritan-Swat-600ml/9559/23
Mug Plastico con Corcho 16Oz,MU-270,"Mug plástico recubierto con corcho. Ecológico. Tapa rosca plástica. No es apto para microondas ni lavavajillas. La tapa es una tapa protectora de cierre a presión, no es tapa de seguridad. Medidas: 16 cm x 6,2 cm diámetro Marca: 5 cm / Tampografía con Empaque y Desempaque / Láser Unidades por Caja: 30   Unidades  Empaque: 60,0    X 51,0 X 20,0 / 4,8 Kg",https://www.catalogospromocionales.com/p/Mug-Plastico-con-Corcho-16Oz/9562/23
Botilito Metalico Diamond 1Litro,MU-269,"Acero Inoxidable. Tapa rosca interior plástico. No apto para bebidas calientes. Medidas:28.3 cm x 7 cm diámetro Marca:4 cm/Tampografía, producto con tratamiento Unidades por Caja: 60   Unidades  Empaque: 79,5    X 47,0 X 26,0 / 12,5 Kg",https://www.catalogospromocionales.com/p/Botilito-Metalico-Diamond-1Litro/9561/23
Botilito Plastico Nomix 750ml,MU-266,"Elaborado en plástico reciclado PETG. Material de alta transparencia, mayor firmeza y durabilidad, libre de BPA, resistente al desgaste e impactos menores y reciclable. Mantiene líquidos calientes hasta 65°C. Tapa rosca y base metálica. Medidas:27 cm x 7 cm diámetro inferior Marca:4 cm/Tampografía, producto con tratamiento Unidades por Caja: 0   Unidades  Empaque: 0,0    X 0,0 X 0,0 / 0,0 Kg",https://www.catalogospromocionales.com/p/Botilito-Plastico-Nomix-750ml/9558/23
